Dih1a,Dih1b,Dih2a,Dih2b,Dih3a,Dih3b,Dih4a,Dih4b
-62.2623,-61.2985,-65.3446,-55.54,-62.2619,-61.2968,-65.3517,-55.5323,
-62.1503,-61.1128,-65.8968,-55.2353,-60.4664,-60.8442,-87.1763,68.0874,
-62.0705,-61.1142,-65.4468,-55.4418,-62.2311,-61.2854,-66.6089,-165.641,
-61.877,-60.9842,-65.9263,-55.471,-62.0602,-61.2158,149.1187,-61.443,
-62.061,-61.11,-65.3859,-55.528,-62.2854,-61.2327,77.8232,64.5578,
-62.0834,-61.0917,-65.0929,-55.6143,-62.2871,-61.2055,80.4479,-171.1487,
-62.1013,-61.1883,-65.2123,-54.9807,-87.8967,65.1252,-65.0738,-55.2693,
-62.1247,-61.0832,-65.693,-54.7308,-87.2041,65.1513,-86.8403,67.8973,
-61.9049,-61.0122,-65.3129,-54.9145,-87.8494,65.1235,-66.3634,-165.4495,
-61.9538,-61.0652,-65.7138,-55.0382,-88.0637,65.1979,149.2853,-61.4937,
-62.0514,-61.0949,-65.2453,-55.0372,-88.062,65.1824,78.2577,64.5827,
-62.1765,-61.0849,-64.9689,-55.2165,-88.465,65.1183,80.6208,-171.141,
-62.2852,-61.2676,-65.417,-55.6016,-64.9267,-171.6574,-65.3139,-55.3121,
-62.1315,-61.0871,-65.8963,-55.3532,-64.6715,-171.6521,-86.7605,68.0204,
-62.0824,-61.1009,-65.5064,-55.5049,-64.8902,-171.6481,-66.5969,-165.5181,
-61.9599,-60.9889,-65.9632,-55.4943,-64.7607,-171.6537,149.2155,-61.4918,
-62.0,-61.0857,-65.4725,-55.7398,-64.7889,-171.6183,77.7503,64.6191,
-62.0548,-61.0634,-65.1886,-55.764,-64.8437,-171.6403,80.4272,-171.1147,
-62.2825,-61.2202,-65.3465,-55.3929,119.2765,-60.876,-65.4111,-55.1951,
-62.0355,-61.0175,-65.8736,-55.1386,121.0294,-60.9433,-87.5058,68.0174,
-61.8536,-61.0116,-65.5177,-55.3934,119.4552,-60.9154,-66.6489,-165.2539,
-61.9836,-61.0119,-65.8732,-55.4555,119.9724,-60.9225,149.42,-61.5457,
-62.0124,-61.0047,-65.5014,-55.5606,119.3095,-61.0673,77.8997,64.6742,
-62.0562,-61.1004,-65.1636,-55.8362,119.0607,-61.0652,80.6375,-171.2358,
-62.1706,-61.1641,-65.0132,-55.5236,73.9687,65.1925,-65.3006,-55.029,
-61.9349,-61.0283,-65.3812,-55.2584,73.6665,65.2791,-87.3739,67.5051,
-61.7975,-61.0595,-65.1076,-55.4872,74.3093,65.2198,-66.5382,-165.0173,
-62.0143,-61.0331,-65.523,-55.4385,74.2345,65.3044,149.1766,-61.4721,
-62.0873,-61.0872,-65.0695,-55.6352,73.1123,65.0445,78.2603,64.5213,
-62.1117,-61.0919,-64.7947,-55.6861,73.4596,64.9852,80.8088,-171.4265,
-62.1881,-61.2068,-65.3268,-55.3589,110.2774,-171.4629,-65.3329,-55.2381,
-62.0945,-61.0104,-65.8796,-55.2095,113.2984,-171.4106,-87.6915,67.9013,
-61.8733,-61.0006,-65.4748,-55.4669,110.4267,-171.4607,-66.5709,-165.3394,
-62.0161,-61.0576,-65.914,-55.3644,111.7692,-171.5414,149.4639,-61.5181,
-61.9905,-61.046,-65.4522,-55.6188,110.9676,-171.5432,77.9795,64.6475,
-62.1337,-61.1009,-65.0884,-55.8424,110.52,-171.541,80.5191,-171.2221,
-60.4664,-60.8442,-87.1764,68.0873,-62.1502,-61.1127,-65.8968,-55.2351,
-60.5002,-60.6651,-87.7129,68.0084,-60.4998,-60.6649,-87.7135,68.008,
-60.2707,-60.6236,-87.2558,68.0574,-62.0974,-61.0687,-67.205,-165.4799,
-60.2986,-60.5228,-87.9016,67.9783,-62.0209,-61.0003,148.7311,-61.3956,
-60.3712,-60.6008,-87.3009,68.002,-62.3011,-61.0895,77.2966,64.5311,
-60.3473,-60.6173,-86.7154,68.1617,-62.3046,-61.1173,80.0496,-171.1432,
-60.5817,-60.8703,-87.4226,67.883,-88.2182,64.871,-65.7479,-55.0414,
-60.5478,-60.6907,-87.8534,67.9203,-87.568,64.9849,-87.5567,67.7865,
-60.4075,-60.6636,-87.4819,67.8943,-88.0894,64.919,-67.0798,-165.334,
-60.3593,-60.5618,-87.8447,67.9719,-88.8507,64.8724,148.9144,-61.3959,
-60.4735,-60.5881,-87.458,67.8833,-88.8287,64.8982,77.4299,64.5495,
-60.4959,-60.6507,-87.0389,67.9481,-88.6609,64.8776,80.0605,-171.0914,
-60.4691,-60.8043,-87.1505,68.0904,-64.9688,-171.6322,-65.784,-54.999,
-60.5123,-60.6571,-87.6329,68.0143,-64.6486,-171.5854,-87.3179,67.9354,
-60.2877,-60.617,-87.2531,68.0474,-64.9263,-171.5876,-67.1237,-165.3069,
-60.2933,-60.6017,-87.7539,67.9421,-64.8051,-171.5901,148.916,-61.4098,
-60.3149,-60.5988,-87.1046,68.042,-64.7895,-171.6169,77.599,64.5778,
-60.3891,-60.641,-86.9245,68.067,-64.9273,-171.5879,79.9966,-171.1464,
-60.4944,-60.8141,-87.1357,68.1008,118.5935,-60.9199,-65.8701,-54.722,
-60.6418,-60.7068,-87.5717,68.0093,120.2295,-60.9939,-87.9978,67.9488,
-60.3593,-60.6458,-87.3037,67.9737,119.0983,-60.9177,-67.1437,-165.0876,
-60.3552,-60.5948,-87.7074,67.9235,119.4934,-60.9927,149.1388,-61.4601,
-60.3058,-60.5963,-87.258,67.938,118.4938,-61.0841,77.82,64.6053,
-60.416,-60.5709,-86.9935,67.9801,118.714,-61.0049,80.0117,-171.1512,
-60.3799,-60.8221,-86.7025,68.1513,74.291,65.1258,-65.8031,-54.6737,
-60.4982,-60.7308,-87.0415,68.1141,73.5221,65.2225,-87.9422,67.4353,
-60.3154,-60.6461,-86.9211,68.0103,74.1508,65.1459,-67.0568,-164.9289,
-60.2277,-60.5705,-87.1446,68.1008,74.116,65.2611,148.883,-61.385,
-60.2701,-60.636,-86.725,68.0594,72.9233,64.9626,77.9103,64.4592,
-60.2759,-60.5321,-86.2917,68.1703,72.9888,64.8944,80.4831,-171.371,
-60.4728,-60.7951,-87.0606,68.0669,109.9398,-171.4897,-65.7598,-54.8297,
-60.6176,-60.6703,-87.5118,68.0163,112.9108,-171.4402,-88.1222,67.8811,
-60.3386,-60.6194,-87.148,68.0316,109.0219,-171.4953,-67.0792,-165.1445,
-60.3466,-60.5145,-87.5598,67.9645,111.3706,-171.5904,149.2641,-61.4828,
-60.3153,-60.5797,-87.1373,67.9816,110.5841,-171.6179,77.7107,64.5822,
-60.4438,-60.6038,-87.0531,67.9475,110.4229,-171.5929,79.8829,-171.145,
-62.2311,-61.2854,-66.6089,-165.641,-62.0705,-61.1143,-65.4469,-55.4418,
-62.0974,-61.0686,-67.205,-165.4799,-60.2707,-60.6235,-87.2558,68.0574,
-62.0014,-61.0605,-66.7204,-165.5434,-62.0014,-61.0605,-66.719,-165.5456,
-61.8797,-60.9996,-67.2199,-165.5909,-62.036,-61.0483,148.9649,-61.4186,
-62.0699,-61.0258,-66.7641,-165.7658,-61.9274,-61.0355,77.647,64.561,
-62.1089,-61.1166,-66.3815,-165.8547,-62.1618,-61.0632,80.4197,-171.1625,
-62.184,-61.2222,-66.7735,-165.6223,-87.9197,64.7565,-65.2856,-55.2112,
-62.1586,-61.1111,-67.3524,-165.5943,-87.2082,64.8068,-87.102,67.8212,
-61.9697,-61.0498,-66.9149,-165.6467,-87.8139,64.7669,-66.604,-165.4733,
-62.0065,-61.1021,-67.308,-165.6313,-88.0345,64.8583,149.1668,-61.4632,
-61.9755,-61.0651,-66.856,-165.7038,-88.4319,64.756,77.99,64.6074,
-62.1267,-61.022,-66.5452,-165.7879,-88.2659,64.7948,80.3218,-171.1235,
-62.2063,-61.236,-66.6198,-165.5926,-64.9508,-171.6393,-65.3565,-55.2068,
-62.081,-61.0572,-67.1215,-165.4292,-64.6141,-171.632,-86.8278,67.9854,
-61.9875,-61.0534,-66.7212,-165.5282,-64.8817,-171.6318,-66.6318,-165.3728,
-61.9398,-61.0028,-67.2921,-165.6819,-64.7284,-171.6252,149.1068,-61.4782,
-62.056,-61.0768,-66.6907,-165.814,-64.7372,-171.5973,77.8754,64.6109,
-62.0247,-61.0709,-66.3615,-165.6406,-64.8871,-171.5953,80.3869,-171.1232,
-62.0483,-61.1809,-66.5696,-165.4149,119.1816,-60.9388,-65.4077,-54.938,
-62.1621,-61.1087,-67.1876,-165.5767,121.208,-60.9123,-87.6277,67.9337,
-61.9198,-61.0875,-66.763,-165.674,119.0816,-60.8238,-66.5649,-165.1343,
-62.0134,-61.0783,-67.2159,-165.7545,119.9314,-60.9672,149.2656,-61.4775,
-61.9603,-61.0654,-66.7118,-165.6574,118.8942,-61.0859,78.0753,64.7308,
-61.9558,-61.0549,-66.3202,-165.7008,118.7703,-61.0585,80.5033,-171.0957,
-62.0421,-61.2341,-66.2286,-165.6486,74.473,65.2164,-65.3591,-54.8511,
-62.1864,-61.1433,-66.625,-165.5327,72.9186,65.2731,-87.5545,67.4426,
-61.967,-61.0707,-66.436,-165.7272,73.7459,65.202,-66.395,-164.8,
-61.9208,-61.033,-66.8732,-165.8,74.4478,65.3212,149.0234,-61.4275,
-61.9534,-61.0641,-66.368,-165.7446,73.3052,64.9704,78.1083,64.5847,
-61.9075,-61.078,-65.9637,-165.8462,73.3311,65.0179,80.8598,-171.3116,
-62.0221,-61.1574,-66.5434,-165.4577,109.5663,-171.4556,-65.3383,-55.1056,
-62.162,-61.0866,-67.1306,-165.6118,113.1956,-171.392,-87.7012,67.8855,
-61.9272,-61.0931,-66.7132,-165.7744,109.8237,-171.5026,-66.5895,-165.2688,
-61.9464,-60.9848,-67.1798,-165.4901,112.161,-171.5373,149.293,-61.5036,
-61.9359,-61.0528,-66.6679,-165.8546,111.0256,-171.5617,77.9095,64.6525,
-62.056,-61.0488,-66.3148,-165.7248,110.9033,-171.5626,80.3636,-171.1103,
-62.0622,-61.2176,149.121,-61.4479,-61.8765,-60.9847,-65.9229,-55.4786,
-62.0232,-60.999,148.7136,-61.3926,-60.3042,-60.523,-87.9142,67.9607,
-62.033,-61.0483,148.9664,-61.4239,-61.8792,-61.0008,-67.2293,-165.6196,
-61.9876,-60.9545,148.3688,-61.2959,-61.9873,-60.9543,148.3796,-61.2574,
-62.0146,-61.0294,148.7975,-61.3616,-61.9942,-61.0289,77.49,64.616,
-62.0497,-61.0144,148.9872,-61.4324,-62.0683,-61.0546,80.042,-171.1163,
-62.2208,-61.2231,148.559,-61.2581,-88.2008,64.7039,-65.748,-55.2368,
-62.1114,-61.0211,148.2929,-61.196,-87.637,64.7233,-87.7225,67.6803,
-62.0608,-61.0248,148.5971,-61.2777,-87.9906,64.6962,-67.0629,-165.4725,
-61.9864,-60.9527,147.9777,-61.0854,-88.0914,64.7449,148.5256,-61.2951,
-62.116,-61.0815,148.3694,-61.2353,-88.0406,64.8788,77.4274,64.6838,
-62.1003,-61.0508,148.6251,-61.2636,-88.2469,64.7834,79.9427,-171.0795,
-62.0789,-61.1971,149.1708,-61.4493,-64.8275,-171.5678,-65.8097,-55.1725,
-62.0802,-61.0044,148.8077,-61.3357,-64.4918,-171.6337,-87.4066,67.8827,
-62.0476,-61.079,149.0459,-61.4338,-64.7338,-171.5742,-67.2048,-165.5463,
-61.9372,-61.0582,148.3002,-61.281,-64.73,-171.6246,148.4304,-61.3339,
-61.9894,-60.953,148.6576,-61.341,-64.743,-171.6035,77.52,64.6085,
-62.1183,-61.0068,149.0129,-61.4151,-64.8029,-171.6027,79.9029,-171.1925,
-62.1474,-61.1563,148.9652,-61.4331,120.5273,-60.7616,-65.877,-55.0097,
-62.1441,-61.1085,148.8644,-61.3894,122.0242,-60.8204,-87.9004,67.921,
-61.9968,-61.0123,148.9406,-61.4243,120.4864,-60.7664,-67.2667,-165.3823,
-61.9301,-60.9851,148.3382,-61.3258,120.817,-60.8405,148.4922,-61.3541,
-62.0656,-61.0506,148.6717,-61.3794,120.2378,-60.9121,77.4249,64.7417,
-62.0717,-61.0291,148.9753,-61.4369,120.0238,-60.8586,80.1193,-171.2009,
-62.1146,-61.1492,149.3956,-61.6126,74.5548,65.0962,-65.8012,-54.9492,
-62.0995,-61.083,149.3887,-61.6053,73.5539,65.1802,-88.054,67.3537,
-61.9354,-60.9996,149.3348,-61.5948,74.4932,65.1482,-67.1591,-165.2606,
-61.9106,-60.9923,148.9991,-61.5413,75.0115,65.3347,148.4109,-61.2887,
-62.0462,-61.037,149.4239,-61.6075,73.7102,64.9748,77.6755,64.5783,
-62.0152,-61.0102,149.3878,-61.6081,73.4663,64.9885,80.4389,-171.4159,
-62.2383,-61.2521,149.0455,-61.3729,109.066,-171.5038,-65.8687,-55.2689,
-62.0877,-61.0249,148.7507,-61.2877,112.1093,-171.4176,-88.2354,67.848,
-62.0857,-61.0703,148.8645,-61.3432,109.1549,-171.4844,-67.2458,-165.6161,
-61.9695,-60.9794,148.1995,-61.1606,110.1467,-171.6005,148.6621,-61.3673,
-62.0137,-61.0098,148.5887,-61.2748,109.818,-171.5496,77.5878,64.6635,
-62.035,-61.0549,148.8975,-61.3661,110.3387,-171.5672,79.9516,-171.2186,
-62.2857,-61.2324,77.8232,64.5578,-62.0612,-61.1097,-65.3857,-55.5281,
-62.3011,-61.0895,77.2967,64.5311,-60.3712,-60.6008,-87.3008,68.002,
-61.9275,-61.0355,77.647,64.561,-62.0699,-61.0258,-66.764,-165.7657,
-62.0039,-61.0368,77.4969,64.6113,-62.0154,-61.0348,148.7631,-61.3497,
-62.1511,-61.0889,78.045,64.6168,-62.1514,-61.0889,78.0413,64.6162,
-62.2644,-61.1349,78.2558,64.6521,-62.1897,-61.0996,80.4373,-171.2227,
-62.1562,-61.1914,77.7224,64.5348,-88.3538,64.71,-65.2567,-55.3048,
-62.2189,-61.0603,77.2592,64.5188,-87.7433,64.7949,-87.1117,67.7722,
-62.0921,-61.0469,77.6113,64.5449,-88.4529,64.7268,-66.5038,-165.5061,
-62.037,-61.0341,77.3839,64.4684,-88.4564,64.7883,149.0148,-61.401,
-62.1878,-61.0477,77.8082,64.538,-88.5242,64.7424,78.0705,64.6628,
-62.3154,-61.1124,78.155,64.6183,-88.4757,64.7782,80.5403,-171.1752,
-62.2191,-61.2019,77.7619,64.5757,-64.8531,-171.5326,-65.3144,-55.3882,
-62.2062,-61.0992,77.6249,64.5826,-64.6133,-171.5236,-86.6427,67.978,
-61.9977,-61.0403,77.7898,64.5409,-64.8936,-171.5576,-66.6517,-165.673,
-62.1437,-61.0723,77.5853,64.5894,-64.7246,-171.5255,148.7943,-61.3916,
-62.1772,-61.1143,77.901,64.6505,-64.8872,-171.5926,77.8713,64.6345,
-62.2456,-61.0824,78.2343,64.7184,-64.9081,-171.6503,80.3705,-171.1549,
-62.2454,-61.2667,78.032,64.8027,120.9022,-60.717,-65.4604,-55.3255,
-62.1256,-61.0205,77.6934,64.6563,122.3971,-60.7632,-87.49,68.0096,
-62.1121,-61.1161,77.9235,64.7634,121.1545,-60.7125,-66.7291,-165.3996,
-62.0776,-61.0262,77.4807,64.7062,121.2999,-60.8913,148.9627,-61.4449,
-62.1426,-61.0475,77.9771,64.8401,120.7818,-60.9388,78.0846,64.748,
-62.1359,-61.0336,77.8901,64.8945,121.3374,-60.7951,152.6748,-165.1575,
-62.2035,-61.2155,78.087,64.6009,73.9997,65.2874,-65.3568,-55.158,
-62.1154,-61.0703,77.8138,64.5791,73.3299,65.3614,-87.5763,67.4019,
-62.1476,-61.1121,77.9802,64.6324,73.9204,65.2909,-66.5765,-165.0817,
-62.1369,-61.0383,77.6389,64.6283,74.4076,65.3816,148.7214,-61.3728,
-62.0994,-61.035,78.1549,64.7199,73.5144,65.065,78.2653,64.6104,
-62.18,-61.1181,78.4143,64.6899,73.4225,65.1168,80.694,-171.3993,
-62.1946,-61.2342,78.1084,64.4905,110.3772,-171.4462,-65.3129,-55.2346,
-62.2211,-61.0197,77.6903,64.3698,114.1007,-171.3211,-87.732,67.8811,
-62.0357,-61.0278,78.0417,64.5231,110.704,-171.4339,-66.689,-165.5345,
-61.9957,-61.0096,77.4876,64.4304,111.4403,-171.5913,149.0128,-61.4133,
-62.1232,-61.0614,77.9665,64.5202,110.7592,-171.5186,77.9268,64.6909,
-62.2132,-61.0982,78.2573,64.5419,111.5779,-171.5318,80.3973,-171.2126,
-62.2889,-61.2048,80.4615,-171.146,-62.0829,-61.0913,-65.0889,-55.6158,
-62.3001,-61.1118,80.0397,-171.1588,-60.3398,-60.6147,-86.7093,68.1674,
-62.1649,-61.0683,80.4061,-171.1651,-62.1139,-61.1224,-66.3795,-165.8307,
-62.0676,-61.0529,80.021,-171.116,-62.0533,-61.0136,148.9848,-61.431,
-62.1905,-61.0954,80.4383,-171.2257,-62.2651,-61.1297,78.259,64.6573,
-62.2966,-61.1097,80.712,-171.1932,-62.2964,-61.1098,80.7183,-171.1894,
-62.2193,-61.2321,80.4225,-171.2501,-88.4739,64.6913,-64.8881,-55.3177,
-62.25,-61.0969,80.1038,-171.1762,-88.0238,64.6644,-86.4587,67.8811,
-62.1584,-61.0869,80.3906,-171.2776,-88.4657,64.6862,-66.1836,-165.6031,
-62.1271,-61.0249,80.0693,-171.2097,-88.5933,64.7656,149.2916,-61.4658,
-62.219,-61.032,80.34,-171.271,-88.7831,64.7227,78.1879,64.6929,
-62.3358,-61.1169,80.5404,-171.271,-88.7872,64.7332,80.7681,-171.1753,
-62.313,-61.1861,80.4781,-171.1568,-64.9313,-171.685,-65.0117,-55.4384,
-62.3387,-61.1199,80.1255,-171.1528,-64.552,-171.679,-86.4253,68.0297,
-62.1464,-61.0464,80.4464,-171.1623,-64.8647,-171.731,-66.2746,-165.5447,
-62.0985,-61.0532,79.9984,-171.1849,-64.9285,-171.6727,149.1668,-61.475,
-62.1524,-61.0803,80.4582,-171.161,-64.9392,-171.6242,78.2411,64.7293,
-62.2648,-61.0562,80.6863,-171.1578,-64.9142,-171.6209,80.6861,-171.1575,
-62.2589,-61.2291,80.6588,-171.2867,119.2726,-60.9017,-65.0468,-55.1986,
-62.4123,-61.0921,80.1519,-171.2471,120.9346,-60.8598,-87.2393,67.9518,
-62.1416,-61.0311,80.5487,-171.2834,119.0159,-60.806,-66.3237,-165.6185,
-62.0594,-61.0098,80.0522,-171.2865,119.8778,-61.0143,149.293,-61.5387,
-62.173,-61.0604,80.625,-171.2715,119.4556,-61.0717,78.292,64.7328,
-62.3468,-61.1236,80.9326,-171.3389,119.0095,-60.9689,80.7694,-171.2291,
-62.087,-61.1531,153.2317,-165.1447,73.9635,65.1938,-65.4383,-54.9953,
-62.1378,-61.0539,152.7836,-165.0559,73.1961,65.1878,-87.8266,67.3083,
-62.0784,-61.0561,80.5904,-171.1133,74.0926,65.2486,-66.1673,-165.1342,
-62.125,-61.0441,80.1065,-171.1537,74.2882,65.2925,148.9974,-61.4501,
-62.1297,-61.0678,80.6872,-171.1075,73.4673,64.9634,78.447,64.6273,
-62.3725,-61.1063,80.9648,-171.1507,73.2164,65.036,81.0301,-171.4302,
-62.3206,-61.1855,80.6111,-171.2531,108.9726,-171.5121,-65.0417,-55.5137,
-62.3819,-61.1038,80.2632,-171.1838,113.6305,-171.4068,-87.2452,67.9272,
-62.1813,-61.0771,80.647,-171.2474,109.6796,-171.4971,-66.3165,-165.5175,
-62.0998,-61.0077,80.1356,-171.2423,112.9256,-171.4837,149.3266,-61.5491,
-62.1574,-61.0633,80.6292,-171.2963,111.5568,-171.5232,78.1838,64.7346,
-62.3117,-61.1141,80.9279,-171.1979,86.4045,-171.7278,80.6938,-171.2462,
-87.8969,65.1255,-65.0735,-55.2688,-62.1007,-61.188,-65.2122,-54.9802,
-88.2182,64.871,-65.7479,-55.0414,-60.5817,-60.8703,-87.4226,67.883,
-87.9196,64.7565,-65.2855,-55.2112,-62.184,-61.2222,-66.7735,-165.6223,
-88.1965,64.7032,-65.7488,-55.2379,-62.2227,-61.2248,148.5604,-61.2591,
-88.3538,64.7101,-65.2567,-55.3047,-62.1562,-61.1914,77.7225,64.5348,
-88.4799,64.6944,-64.8857,-55.3067,-62.2157,-61.2297,80.4202,-171.2569,
-87.6236,65.1762,-64.9387,-54.757,-87.6241,65.1777,-64.9373,-54.7554,
-88.4023,64.7819,-65.5133,-54.5107,-87.2396,65.1853,-87.0595,67.7524,
-87.6277,64.8287,-65.1207,-54.7035,-87.7591,65.1694,-66.5193,-165.3758,
-87.8646,64.7316,-65.5657,-54.8052,-87.9304,65.2009,148.8575,-61.3245,
-88.0317,64.7311,-65.0954,-54.9343,-87.9115,65.1651,78.0884,64.524,
-88.4025,64.6958,-64.7707,-54.9506,-88.2035,65.1077,80.526,-171.1762,
-87.9452,65.076,-65.1619,-55.367,-64.8432,-171.6141,-65.2115,-54.8531,
-88.2042,64.8833,-65.7762,-55.1707,-64.6253,-171.6283,-87.0844,67.8401,
-87.9793,64.7236,-65.3615,-55.3196,-64.8515,-171.6227,-66.7712,-165.4882,
-88.0807,64.7192,-65.8041,-55.2562,-64.7738,-171.6582,148.6703,-61.2953,
-88.3396,64.7186,-65.2853,-55.4314,-64.8259,-171.6532,77.6567,64.5877,
-88.3874,64.6457,-64.9395,-55.4473,-64.8689,-171.6617,80.4605,-171.1946,
-88.1583,65.0642,-65.1612,-55.2821,119.2323,-60.8457,-65.2205,-54.7862,
-87.8816,64.855,-65.6896,-55.0117,121.5369,-60.8905,-87.5198,67.997,
-87.964,64.6867,-65.3379,-55.1869,119.5318,-60.8686,-66.8919,-165.4086,
-87.5218,64.7934,-65.7505,-55.2939,119.9127,-60.9627,148.9511,-61.3385,
-89.121,64.5638,-65.2373,-55.242,119.2986,-61.0369,77.7317,64.6571,
-88.2354,64.6836,-64.9826,-55.5314,118.9151,-61.0559,80.5839,-171.2265,
-88.3674,65.0513,-64.7779,-55.3101,73.6918,65.1933,-65.0661,-54.585,
-88.887,64.7921,-65.2375,-55.1484,73.2426,65.2653,-87.5646,67.4437,
-88.5955,64.7004,-64.9531,-55.2943,73.8923,65.2369,-66.7064,-165.2112,
-87.6663,64.8451,-65.4339,-55.3304,74.7037,65.3453,148.6695,-61.2588,
-89.1781,64.6042,-64.8471,-55.265,73.2426,65.0364,78.0286,64.5255,
-88.8029,64.6838,-64.5528,-55.4765,73.3258,64.9963,80.8485,-171.4675,
-88.1079,65.0244,-65.1056,-55.2752,109.1566,-171.5208,-65.2507,-54.8671,
-88.0944,64.8486,-65.6332,-54.9429,112.933,-171.4267,-87.713,67.8744,
-87.8467,64.7064,-65.3025,-55.1369,110.2125,-171.4781,-66.8393,-165.2964,
-87.6037,64.7695,-65.7097,-55.2407,110.9242,-171.5822,149.1028,-61.3742,
-88.1283,64.7426,-65.2606,-55.3111,110.7775,-171.4893,77.7901,64.6276,
-88.5062,64.6532,-64.9562,-55.5945,111.0024,-171.5861,80.5201,-171.3084,
-87.2042,65.1512,-86.8403,67.8973,-62.1246,-61.0833,-65.6931,-54.7308,
-87.5576,64.9898,-87.5581,67.7942,-60.5475,-60.6908,-87.851,67.9244,
-87.2083,64.8068,-87.1021,67.8212,-62.1586,-61.1112,-67.3525,-165.5944,
-87.6304,64.7228,-87.7283,67.6689,-62.1111,-61.0223,148.3031,-61.1967,
-87.7427,64.7949,-87.1119,67.7718,-62.2187,-61.0607,77.2589,64.5193,
-88.0233,64.6629,-86.4545,67.8822,-62.2502,-61.0969,80.0986,-171.1761,
-87.2396,65.1853,-87.0595,67.7524,-88.4023,64.7819,-65.5133,-54.5107,
-87.6116,64.8766,-87.7025,67.6453,-87.6115,64.8766,-87.7025,67.6454,
-87.275,64.7895,-87.2376,67.6884,-88.2353,64.7977,-67.1395,-165.2461,
-87.4673,64.6892,-87.7474,67.6377,-88.7081,64.8472,148.4764,-61.2304,
-87.713,64.749,-87.2446,67.6863,-88.661,64.8547,77.3912,64.5298,
-87.1687,64.7131,-87.4593,67.6368,-88.391,64.9031,152.3558,-164.93,
-87.1699,65.1317,-86.8214,67.8779,-64.9484,-171.6219,-65.5886,-54.5901,
-87.6288,64.9726,-87.4617,67.7982,-64.6361,-171.6459,-87.5076,67.8296,
-87.2205,64.8004,-87.0734,67.8228,-64.9238,-171.6335,-67.2678,-165.4777,
-87.4902,64.7878,-87.5464,67.702,-64.8564,-171.638,148.5994,-61.2955,
-87.7008,64.7527,-86.8463,67.7749,-64.807,-171.6202,77.5701,64.5761,
-87.9752,64.6759,-86.6134,67.8807,-64.9125,-171.596,79.9495,-171.1623,
-86.6759,65.1775,-86.8858,67.8449,118.9243,-60.8518,-65.6506,-54.4887,
-87.3569,64.9469,-87.357,67.8281,120.4053,-60.9409,-88.0187,67.9165,
-86.5447,64.8795,-87.0403,67.8265,118.793,-60.9157,-67.3277,-165.0364,
-87.2733,64.7275,-87.5864,67.6618,119.638,-60.9662,148.7538,-61.3208,
-86.9084,64.7922,-87.0195,67.749,118.8199,-61.0958,77.7279,64.6606,
-88.2839,64.6416,-86.932,67.6906,118.4487,-61.1172,79.93,-171.2642,
-87.5521,65.1285,-86.4084,67.8677,73.9017,65.1512,-65.4946,-54.3903,
-87.2898,64.9642,-86.8155,67.9185,73.6971,65.263,-88.0523,67.3443,
-86.5545,64.8926,-86.5759,67.9054,74.3065,65.1789,-67.1722,-164.8304,
-87.7366,64.6835,-86.9305,67.8275,74.2777,65.2963,148.6287,-61.2722,
-87.3409,64.7864,-86.4395,67.913,72.6213,64.9803,77.9428,64.4894,
-88.0999,64.6884,-86.1104,67.9008,73.5429,64.9298,80.3856,-171.458,
-86.3996,65.2465,-86.7827,67.9045,109.7818,-171.5191,-65.6513,-54.4389,
-87.6199,64.9239,-87.3542,67.7767,112.9027,-171.4418,-88.1869,67.8089,
-86.8305,64.8508,-86.9672,67.8053,109.7857,-171.4783,-67.271,-165.1585,
-87.5809,64.6555,-87.4442,67.6529,110.9655,-171.5642,148.8089,-61.2829,
-87.2977,64.7834,-86.9089,67.7162,110.4893,-171.5598,77.674,64.5906,
-88.1293,64.6192,-86.9368,67.6378,109.8397,-171.5749,79.8451,-171.2576,
-87.8494,65.1235,-66.3634,-165.4495,-61.9049,-61.0122,-65.3129,-54.9145,
-88.0916,64.92,-67.0794,-165.335,-60.4072,-60.6625,-87.4802,67.8933,
-87.8024,64.7691,-66.6025,-165.4616,-61.9685,-61.0486,-66.9099,-165.6362,
-88.012,64.6941,-67.0638,-165.4729,-62.0589,-61.0258,148.5926,-61.276,
-88.4528,64.7268,-66.5039,-165.5061,-62.092,-61.0469,77.6113,64.545,
-88.4656,64.6876,-66.1866,-165.613,-62.1581,-61.0859,80.3924,-171.2807,
-87.7591,65.1694,-66.5193,-165.3758,-87.6277,64.8287,-65.1207,-54.7035,
-88.2353,64.7977,-67.1395,-165.2461,-87.275,64.7895,-87.2377,67.6884,
-87.7417,64.8135,-66.6996,-165.3628,-87.7418,64.8135,-66.6996,-165.3628,
-87.924,64.7092,-67.2071,-165.5771,-87.7712,64.8616,148.8453,-61.2987,
-88.1155,64.7543,-66.6333,-165.4624,-88.3232,64.7779,77.8497,64.5686,
-88.4078,64.6955,-66.3164,-165.539,-87.9942,64.8143,80.2489,-171.1208,
-87.7383,65.0913,-66.3549,-165.3633,-64.8597,-171.5962,-65.2473,-54.7928,
-88.0836,64.9451,-67.016,-165.321,-64.6147,-171.632,-87.1101,67.8542,
-87.7323,64.7696,-66.5653,-165.3507,-64.8576,-171.6141,-66.8411,-165.5168,
-88.1073,64.703,-67.0777,-165.3816,-64.7429,-171.6292,148.6441,-61.263,
-88.1533,64.7465,-66.5256,-165.6153,-64.8282,-171.6478,77.7782,64.5313,
-88.5026,64.6728,-66.1755,-165.5746,-64.9429,-171.6402,80.411,-171.2105,
-87.2652,65.1279,-66.3813,-165.2372,119.1852,-60.8548,-65.304,-54.7117,
-87.9248,64.9027,-66.8996,-164.9919,120.7722,-60.9859,-87.6996,67.9054,
-87.1517,64.8199,-66.5536,-165.2338,119.3625,-60.9213,-66.9175,-165.2272,
-87.9109,64.6743,-67.0786,-165.4952,119.6115,-60.9584,148.8502,-61.3466,
-87.5546,64.7471,-66.4721,-165.5402,119.5609,-61.0533,77.9951,64.652,
-87.9132,64.6852,-66.2235,-165.6171,119.1673,-61.0134,80.3167,-171.2731,
-88.351,65.0584,-65.9601,-165.2572,74.0656,65.2068,-65.1887,-54.6182,
-87.8017,64.9226,-66.5032,-165.177,73.6342,65.2948,-87.7109,67.348,
-87.1751,64.8236,-66.1832,-165.4471,74.285,65.2598,-66.7714,-164.9721,
-88.2264,64.6987,-66.733,-165.5653,73.9383,65.2968,148.6301,-61.2809,
-87.9155,64.7252,-66.0514,-165.5567,72.8798,65.0611,78.2744,64.5575,
-88.0033,64.6433,-66.4213,-165.5829,74.1285,65.2698,152.4134,-164.959,
-86.8818,65.1919,-66.3337,-165.2509,110.2955,-171.464,-65.2737,-54.5821,
-88.1808,64.8823,-66.9122,-165.0795,113.2727,-171.3939,-87.8691,67.7792,
-87.4079,64.807,-66.5407,-165.3264,109.0826,-171.4682,-66.857,-165.3729,
-87.8525,64.7029,-67.0306,-165.5737,111.2391,-171.583,148.8836,-61.2923,
-88.1241,64.6962,-66.4753,-165.4417,111.2743,-171.5134,77.8385,64.6144,
-89.0983,64.6042,-65.9746,-165.6252,86.7375,-171.7347,80.2344,-171.2786,
-88.065,65.1987,149.2513,-61.492,-61.9531,-61.065,-65.7148,-55.0354,
-88.8731,64.8687,148.8922,-61.3883,-60.3638,-60.5639,-87.8369,67.9807,
-88.0419,64.8586,149.1716,-61.4665,-62.0097,-61.1066,-67.3043,-165.6238,
-88.0954,64.7452,148.531,-61.2936,-61.9846,-60.9513,147.9847,-61.091,
-88.4682,64.7856,149.0288,-61.4025,-62.0197,-61.038,77.3831,64.4687,
-88.5933,64.7656,149.2917,-61.4658,-62.1271,-61.0249,80.0693,-171.2098,
-87.9383,65.2025,148.8574,-61.3246,-87.8538,64.7303,-65.5652,-54.8033,
-88.7236,64.846,148.4737,-61.2332,-87.4713,64.6869,-87.7476,67.6297,
-87.7754,64.8614,148.8522,-61.3023,-87.9234,64.7098,-67.2025,-165.5839,
-87.8537,64.7473,148.1195,-61.1411,-87.8541,64.7472,148.1193,-61.1257,
-88.4125,64.7564,148.5275,-61.2735,-87.9509,64.8514,77.287,64.5392,
-88.4351,64.7438,148.8939,-61.3312,-88.1442,64.7727,79.9414,-171.1869,
-87.8265,65.212,149.3719,-61.4767,-64.7851,-171.5257,-65.6335,-54.7559,
-88.8225,64.8422,148.9993,-61.4109,-64.4304,-171.5519,-87.6483,67.7976,
-87.6675,64.9076,149.1613,-61.441,-64.6707,-171.5044,-67.2945,-165.5286,
-88.0981,64.7623,148.4844,-61.3111,-64.6908,-171.5918,147.9686,-61.1581,
-88.3665,64.7254,148.8093,-61.3707,-64.6956,-171.6666,77.3437,64.4677,
-88.746,64.6642,149.0818,-61.4506,-64.7696,-171.6735,79.8715,-171.2166,
-87.8169,65.1399,149.3033,-61.4939,120.1991,-60.7401,-65.6383,-54.5737,
-88.2355,64.9007,148.8285,-61.3876,121.6597,-60.8089,-88.3864,67.6605,
-87.8856,64.7925,149.2571,-61.4797,120.1275,-60.6972,-67.3383,-165.4604,
-88.1189,64.7578,148.5277,-61.3579,120.7172,-60.8627,148.1337,-61.1667,
-88.1996,64.8011,148.6933,-61.3959,120.3995,-60.9266,77.2487,64.6179,
-88.4506,64.752,149.3608,-61.5056,120.1553,-60.9048,80.0913,-171.2218,
-88.0158,65.151,149.7248,-61.6647,74.4738,65.1519,-65.5951,-54.4642,
-88.679,64.9122,149.419,-61.6284,73.4296,65.1795,-88.385,67.2783,
-88.036,64.8102,149.7084,-61.6552,74.5489,65.2157,-67.2666,-165.2409,
-88.521,64.7884,149.3661,-61.5908,74.9566,65.3572,148.0698,-61.1207,
-88.5859,64.7576,149.6519,-61.6377,73.7539,65.0,77.4696,64.3888,
-88.5933,64.7905,149.6696,-61.6641,73.474,64.9889,80.4281,-171.4538,
-87.3249,65.2427,149.1461,-61.3836,108.8033,-171.5124,-65.6892,-54.7619,
-88.3965,64.8584,148.8777,-61.3281,111.8299,-171.478,-88.2329,67.7498,
-87.1806,64.855,149.0016,-61.3466,108.7056,-171.5241,-67.3686,-165.4757,
-87.4638,64.8037,148.4023,-61.2081,110.3809,-171.5724,148.1738,-61.2461,
-88.4285,64.6576,148.8364,-61.3169,109.6805,-171.569,77.4464,64.6598,
-88.0883,64.6981,148.8999,-61.3602,109.5424,-171.5743,79.9197,-171.2345,
-88.0619,65.1824,78.2575,64.5826,-62.0514,-61.095,-65.2454,-55.0373,
-88.8276,64.8981,77.4295,64.5506,-60.4734,-60.5881,-87.4578,67.8829,
-88.4318,64.756,77.9901,64.6073,-61.9755,-61.0651,-66.8561,-165.704,
-88.0368,64.8823,77.4244,64.6823,-62.1163,-61.0848,148.3706,-61.2251,
-88.5242,64.7424,78.0706,64.6628,-62.1878,-61.0477,77.8082,64.538,
-88.7909,64.7161,78.185,64.6971,-62.2193,-61.038,80.3448,-171.2766,
-87.9115,65.1651,78.0884,64.524,-88.0317,64.7311,-65.0954,-54.9343,
-88.661,64.8547,77.3912,64.5298,-87.713,64.749,-87.2446,67.6863,
-88.3232,64.7779,77.8497,64.5686,-88.1156,64.7543,-66.6333,-165.4625,
-87.9621,64.8484,77.2901,64.5396,-88.4117,64.7553,148.5103,-61.2702,
-88.3662,64.7386,78.0239,64.5898,-88.3664,64.7387,78.0119,64.588,
-88.6644,64.6972,78.1954,64.6827,-88.3088,64.7486,80.5279,-171.2462,
-88.3148,65.173,78.0447,64.6032,-64.8314,-171.6786,-65.1592,-54.9629,
-88.6638,64.9225,77.3759,64.563,-64.5105,-171.5412,-87.1572,67.8133,
-88.27,64.8027,77.7486,64.5876,-64.8659,-171.5933,-66.7916,-165.5645,
-88.1289,64.7892,77.623,64.6754,-64.6916,-171.5611,148.413,-61.2354,
-88.7733,64.7658,78.0747,64.6541,-64.827,-171.6039,77.678,64.588,
-89.0339,64.6963,78.3172,64.6968,-64.9041,-171.6456,80.3439,-171.2486,
-87.8169,65.1677,78.1103,64.8118,121.3471,-60.7729,-65.3238,-54.9012,
-89.1445,64.75,77.758,64.7506,122.8851,-60.7773,-87.6985,67.863,
-87.7312,64.8262,77.9909,64.8407,121.4375,-60.7446,-66.8108,-165.274,
-87.7894,64.7753,77.665,64.8586,121.4607,-60.8386,148.5391,-61.2252,
-88.4334,64.7684,78.1388,64.9176,120.5561,-60.9658,77.9089,64.6707,
-88.4051,64.7072,78.3678,64.8885,120.7409,-60.8966,80.5733,-171.3081,
-88.2534,65.1427,78.303,64.5807,73.8713,65.2906,-65.1868,-54.7645,
-89.2759,64.796,77.7443,64.5928,73.2272,65.3359,-88.0825,67.1813,
-88.2245,64.8041,78.1253,64.6085,73.7857,65.3243,-66.6521,-165.1021,
-88.0321,64.8211,77.8229,64.7476,74.2661,65.4099,148.4077,-61.1748,
-88.9154,64.799,78.2436,64.7497,73.1374,65.0758,78.0512,64.5132,
-89.1259,64.7181,78.5493,64.7829,73.1683,65.0839,80.8668,-171.4831,
-88.3682,65.1146,78.21,64.5489,110.5281,-171.4678,-65.2322,-54.9402,
-88.9285,64.8452,77.8431,64.4851,112.8352,-171.406,-87.7476,67.87,
-88.075,64.7977,78.0317,64.5308,110.3153,-171.4731,-66.8422,-165.5888,
-88.3802,64.7353,77.5468,64.4212,111.3254,-171.5512,148.5622,-61.2793,
-87.858,64.8056,78.0006,64.5122,110.1773,-171.5763,77.8865,64.6314,
-88.4869,64.7453,78.2163,64.5317,110.8781,-171.5034,80.2366,-171.2376,
-88.4652,65.118,80.6211,-171.141,-62.1763,-61.0851,-64.9686,-55.2172,
-88.661,64.8745,80.0649,-171.092,-60.4948,-60.6461,-87.0359,67.9484,
-88.2584,64.7943,80.3216,-171.1215,-62.1267,-61.0202,-66.5441,-165.7825,
-88.2465,64.7804,79.956,-171.0799,-62.0972,-61.054,148.6198,-61.2667,
-88.4789,64.7746,80.5401,-171.1761,-62.3146,-61.1097,78.162,64.6213,
-88.8941,64.722,80.7909,-171.1797,-62.3357,-61.1161,80.6575,-171.2719,
-88.2249,65.1041,80.5245,-171.1761,-88.4241,64.6934,-64.7724,-54.9433,
-88.7275,64.7955,79.9701,-171.1603,-87.8335,64.7244,-86.9508,67.7008,
-87.9942,64.8142,80.2489,-171.1209,-88.4077,64.6955,-66.3164,-165.5391,
-88.1446,64.7728,79.9391,-171.1864,-88.4325,64.7443,148.8913,-61.3302,
-88.3087,64.7483,80.5245,-171.252,-88.6763,64.6953,78.1998,64.6867,
-88.5596,64.7155,80.7607,-171.1883,-88.5561,64.7157,80.7601,-171.192,
-88.2673,65.0926,80.6511,-171.1311,-65.0057,-171.5702,-64.8568,-55.0193,
-88.4163,64.8767,80.1689,-171.0923,-64.7691,-171.6558,-86.414,67.9842,
-88.4036,64.7251,80.4867,-171.1619,-65.0062,-171.6376,-66.4546,-165.7179,
-88.6471,64.7156,80.0269,-171.0963,-64.8673,-171.5814,148.5238,-61.2683,
-88.6302,64.8067,80.5416,-171.1877,-64.9821,-171.595,78.0453,64.6498,
-88.8482,64.76,80.7861,-171.12,-64.9948,-171.6548,80.6283,-171.1803,
-88.0361,65.1252,80.7878,-171.2474,119.2689,-60.8268,-64.9602,-54.9635,
-88.8906,64.846,80.2497,-171.1601,121.0934,-60.9615,-87.4542,67.9314,
-87.9019,64.801,80.5398,-171.2093,119.5659,-60.8545,-66.5491,-165.5822,
-87.9508,64.708,80.1375,-171.222,120.1575,-60.9863,148.8468,-61.3348,
-88.0022,64.7575,80.6358,-171.2983,119.2105,-61.0946,78.2325,64.7109,
-88.3225,64.7519,80.8877,-171.1964,119.5921,-61.0113,80.6716,-171.2375,
-88.0882,65.1581,80.8415,-171.0572,73.6101,65.2141,-64.8715,-54.8127,
-89.2651,64.815,80.4026,-171.0168,72.8966,65.2735,-87.4281,67.4082,
-87.8861,64.8286,80.6245,-171.0702,73.8004,65.2809,-66.4447,-165.3119,
-88.0849,64.7524,80.1597,-171.0165,74.1134,65.2999,148.5926,-61.2694,
-88.6171,64.7666,80.7081,-171.1227,73.129,64.9821,78.4048,64.5817,
-88.4539,64.7546,80.9164,-171.0467,72.8989,65.0324,80.9039,-171.4328,
-88.3315,65.1075,80.7451,-171.174,110.0935,-171.4356,-64.9198,-54.8761,
-88.1272,64.8616,80.1986,-171.1869,114.543,-171.3209,-87.5337,67.7984,
-88.6512,64.6999,80.5959,-171.1627,109.8097,-171.4713,-66.4748,-165.6551,
-88.3269,64.7354,80.1317,-171.1699,112.0176,-171.5619,148.8877,-61.3254,
-88.4371,64.7459,80.6319,-171.1215,111.6724,-171.4785,77.9746,64.6863,
-88.9716,64.6558,81.0375,-171.2563,110.351,-171.5691,80.6238,-171.2678,
-64.9266,-171.6571,-65.3136,-55.314,-62.2853,-61.2679,-65.4184,-55.6026,
-64.9697,-171.6319,-65.7825,-54.9975,-60.4685,-60.8045,-87.1473,68.0949,
-64.9508,-171.6393,-65.3565,-55.2068,-62.2062,-61.236,-66.6198,-165.5925,
-64.843,-171.5767,-65.8067,-55.1632,-62.0793,-61.1885,149.1625,-61.4559,
-64.8583,-171.5389,-65.3169,-55.3976,-62.2243,-61.1907,77.7695,64.5856,
-64.9364,-171.689,-65.0105,-55.4393,-62.3118,-61.185,80.4802,-171.1553,
-64.8435,-171.614,-65.2111,-54.8523,-87.9465,65.0753,-65.1616,-55.3664,
-64.9484,-171.6219,-65.5886,-54.5901,-87.1699,65.1317,-86.8214,67.8779,
-64.8597,-171.5962,-65.2473,-54.7928,-87.7383,65.0913,-66.3549,-165.3633,
-64.7829,-171.529,-65.6351,-54.7614,-87.8227,65.2176,149.4048,-61.485,
-64.8314,-171.6786,-65.1591,-54.9629,-88.3147,65.173,78.0448,64.6032,
-65.0107,-171.5675,-64.856,-55.0175,-88.2693,65.0941,80.65,-171.1315,
-64.932,-171.6519,-65.3795,-55.3972,-64.932,-171.6518,-65.3802,-55.3939,
-64.9709,-171.6111,-65.7955,-55.1548,-64.6774,-171.6515,-86.7426,68.0228,
-64.9463,-171.6308,-65.4219,-55.3013,-64.891,-171.6495,-66.5921,-165.4527,
-64.8111,-171.6262,-65.8495,-55.2955,-64.744,-171.6254,149.1271,-61.4111,
-64.853,-171.5194,-65.3425,-55.4473,-64.6872,-171.6437,77.8808,64.6221,
-64.8658,-171.7281,-65.0837,-55.5773,-64.8436,-171.6476,80.4976,-171.1397,
-64.9745,-171.6834,-65.2827,-55.2285,119.3399,-60.888,-65.4441,-55.3154,
-64.8897,-171.5901,-65.792,-54.965,121.1177,-60.9276,-87.5912,67.9719,
-64.8601,-171.611,-65.411,-55.1402,119.4,-60.9115,-66.6586,-165.2844,
-64.7037,-171.5661,-65.835,-55.3482,119.8677,-60.9062,149.4448,-61.4999,
-64.7993,-171.628,-65.4275,-55.4011,119.2614,-61.0173,77.886,64.7038,
-64.8776,-171.6493,-65.1317,-55.6217,119.0246,-61.0647,80.6846,-171.2465,
-64.9565,-171.6984,-64.9455,-55.3547,74.0373,65.1949,-65.3663,-55.1712,
-64.9107,-171.6055,-65.3014,-55.076,73.5805,65.3002,-87.4246,67.5186,
-64.9089,-171.6363,-65.0251,-55.2481,74.2625,65.2504,-66.55,-165.0216,
-64.8017,-171.5758,-65.4721,-55.2777,74.2705,65.2799,149.2245,-61.4267,
-64.7697,-171.6449,-64.9966,-55.4218,73.0231,65.0261,78.26,64.562,
-64.8488,-171.6394,-64.7595,-55.6563,73.4433,65.0142,80.976,-171.4707,
-65.0021,-171.6603,-65.2677,-55.1828,110.2758,-171.459,-65.3865,-55.358,
-64.8749,-171.5847,-65.8162,-55.0167,113.0878,-171.4104,-87.7452,67.8586,
-64.7847,-171.6212,-65.4048,-55.2099,110.4581,-171.446,-66.5955,-165.4175,
-64.6884,-171.552,-65.8222,-55.2654,111.693,-171.5398,149.433,-61.4704,
-64.8949,-171.646,-65.352,-55.3803,110.805,-171.5432,77.9414,64.7048,
-64.8698,-171.6493,-64.9603,-55.5638,87.4161,-171.782,80.5936,-171.2421,
-64.6715,-171.6521,-86.7606,68.0204,-62.1315,-61.0871,-65.8963,-55.3531,
-64.6471,-171.5817,-87.3048,67.9441,-60.5066,-60.6555,-87.6245,68.0246,
-64.6154,-171.633,-86.8307,67.9836,-62.0888,-61.0576,-67.1245,-165.4303,
-64.4692,-171.628,-87.4221,67.8917,-62.0817,-60.9934,148.8106,-61.3336,
-64.6134,-171.5237,-86.6427,67.9781,-62.2061,-61.099,77.625,64.5826,
-64.5519,-171.6789,-86.4255,68.0295,-62.3388,-61.1199,80.1255,-171.1528,
-64.6253,-171.6283,-87.0844,67.8401,-88.2044,64.8833,-65.7762,-55.1708,
-64.6364,-171.6464,-87.507,67.8265,-87.6073,64.9784,-87.4635,67.795,
-64.6147,-171.632,-87.1101,67.8542,-88.0836,64.9451,-67.016,-165.321,
-64.4303,-171.5515,-87.6485,67.7976,-88.8313,64.8416,149.0072,-61.4093,
-64.5105,-171.5412,-87.1572,67.8133,-88.6638,64.9225,77.3759,64.563,
-64.7924,-171.6609,-86.4043,67.9929,-88.4063,64.8738,80.1608,-171.0836,
-64.6774,-171.6515,-86.7426,68.0228,-64.9709,-171.6111,-65.7955,-55.1548,
-64.6682,-171.5755,-87.2258,67.9569,-64.6674,-171.5719,-87.2353,67.9392,
-64.6186,-171.6321,-86.8122,67.9796,-64.9181,-171.5891,-67.0448,-165.2741,
-64.4893,-171.6584,-87.2344,67.9442,-64.7822,-171.5742,148.931,-61.3385,
-64.6321,-171.6153,-86.5541,68.0136,-64.7183,-171.6261,77.8005,64.6064,
-64.5121,-171.6477,-86.5373,67.967,-64.9186,-171.6064,80.1102,-171.1567,
-64.6517,-171.6371,-86.7539,68.0355,118.7268,-60.9335,-65.865,-54.94,
-64.5607,-171.5559,-87.2571,67.9471,120.3818,-60.9684,-88.0436,67.9002,
-64.4763,-171.6183,-86.8375,67.958,118.9444,-60.8982,-67.0852,-165.1047,
-64.5258,-171.5691,-87.3088,67.83,119.405,-60.9972,149.1608,-61.405,
-64.6489,-171.6172,-86.7898,67.8908,118.3407,-61.0943,77.8549,64.6548,
-64.5508,-171.674,-86.7802,67.84,118.7544,-61.0553,79.9998,-171.1791,
-64.653,-171.6582,-86.2062,68.1221,74.2806,65.1425,-65.7642,-54.8626,
-64.5165,-171.5736,-86.5729,68.0999,73.7054,65.2239,-87.9166,67.4126,
-64.4334,-171.6499,-86.3299,68.0598,74.3428,65.1537,-66.9744,-164.8479,
-64.5795,-171.5692,-86.7956,67.9766,74.3336,65.2569,148.8983,-61.3493,
-64.6505,-171.595,-86.3201,67.9968,72.9447,64.9591,78.0745,64.5117,
-64.6581,-171.6358,-86.0497,68.0074,73.3047,64.9373,80.4315,-171.4163,
-64.5846,-171.6266,-86.7148,68.005,110.0742,-171.4798,-65.769,-55.0123,
-64.5921,-171.5821,-87.239,67.9112,112.78,-171.4393,-88.1499,67.8235,
-64.4935,-171.6245,-86.7646,67.9505,109.6501,-171.4861,-67.0138,-165.2115,
-64.4415,-171.5777,-87.2123,67.8792,111.3734,-171.578,149.2668,-61.4469,
-64.6245,-171.6232,-86.6792,67.9324,110.4404,-171.6117,77.7834,64.6336,
-64.6734,-171.6847,-86.674,67.8965,110.0602,-171.5885,79.9569,-171.1948,
-64.8902,-171.648,-66.5969,-165.5182,-62.0824,-61.1009,-65.5065,-55.5049,
-64.9264,-171.5876,-67.1235,-165.307,-60.2877,-60.617,-87.2531,68.0474,
-64.8817,-171.6318,-66.6318,-165.3728,-61.9875,-61.0533,-66.7212,-165.5282,
-64.7262,-171.5702,-67.2108,-165.5462,-62.0448,-61.0788,149.0431,-61.4367,
-64.8936,-171.5576,-66.6517,-165.673,-61.9977,-61.0403,77.7898,64.5409,
-64.8577,-171.7227,-66.2717,-165.5529,-62.1452,-61.0478,80.4399,-171.1604,
-64.8515,-171.6227,-66.7712,-165.4882,-87.9793,64.7236,-65.3615,-55.3196,
-64.9239,-171.6334,-67.2678,-165.4778,-87.2204,64.8003,-87.0733,67.8228,
-64.8556,-171.6126,-66.8477,-165.5292,-87.7384,64.7665,-66.5682,-165.3532,
-64.6616,-171.5043,-67.2946,-165.5085,-87.6794,64.9118,149.1587,-61.4427,
-64.8659,-171.5933,-66.7916,-165.5645,-88.27,64.8027,77.7486,64.5876,
-65.0062,-171.639,-66.4545,-165.7168,-88.4066,64.7244,80.4869,-171.1617,
-64.891,-171.6494,-66.592,-165.4527,-64.9463,-171.6309,-65.4219,-55.3013,
-64.9181,-171.5891,-67.0447,-165.2741,-64.6187,-171.6321,-86.8122,67.9795,
-64.8652,-171.635,-66.6294,-165.3536,-64.8654,-171.635,-66.6295,-165.3542,
-64.7615,-171.6719,-67.2051,-165.6344,-64.8149,-171.6118,149.1019,-61.4031,
-64.8174,-171.6299,-66.5639,-165.6323,-64.7325,-171.5883,77.9951,64.6446,
-64.7004,-171.6199,-66.888,-165.5782,-64.8471,-171.6168,152.7382,-165.0641,
-64.8381,-171.6381,-66.4918,-165.2088,119.0695,-60.9365,-65.4327,-55.0646,
-64.7993,-171.5863,-67.0913,-165.1219,120.8205,-60.9351,-87.6941,67.8926,
-64.7107,-171.6476,-66.6711,-165.42,119.3307,-60.8172,-66.6512,-165.2117,
-64.7609,-171.6117,-67.1324,-165.5695,119.7613,-60.9804,149.2211,-61.4132,
-64.7866,-171.6274,-66.6231,-165.4865,118.9875,-61.0805,78.067,64.7207,
-64.9134,-171.6432,-66.3646,-165.7708,119.1542,-61.0074,80.361,-171.2109,
-64.8811,-171.6686,-66.1348,-165.3037,74.4696,65.2204,-65.3981,-54.9937,
-64.801,-171.6108,-66.5623,-165.1557,73.3954,65.2675,-87.6088,67.4034,
-64.7208,-171.6731,-66.2725,-165.5044,73.9333,65.2225,-66.4926,-164.9124,
-64.782,-171.5915,-66.7917,-165.5969,74.6779,65.3256,148.9271,-61.3514,
-64.8459,-171.6212,-66.2443,-165.5449,73.332,65.0067,78.2834,64.6132,
-64.9295,-171.6239,-65.9915,-165.7597,72.9916,65.0046,80.7222,-171.4283,
-64.7322,-171.6334,-66.4804,-165.1913,110.3654,-171.4268,-65.3785,-55.175,
-64.826,-171.599,-67.0522,-165.2655,113.1692,-171.4003,-87.7651,67.814,
-64.7441,-171.6418,-66.6339,-165.5158,109.4876,-171.4978,-66.6218,-165.3061,
-64.6263,-171.581,-67.1165,-165.4003,112.1463,-171.5285,149.2982,-61.4791,
-64.7125,-171.6323,-66.578,-165.5305,111.0942,-171.5564,77.9928,64.6782,
-64.9864,-171.6671,-66.2946,-165.7575,110.6161,-171.5672,80.3373,-171.2047,
-64.7583,-171.655,149.2143,-61.4918,-61.9582,-60.9883,-65.9637,-55.4923,
-64.8087,-171.5884,148.9213,-61.4106,-60.2935,-60.6027,-87.7522,67.9417,
-64.7234,-171.625,149.1165,-61.48,-61.942,-61.0056,-67.2906,-165.6738,
-64.711,-171.6193,148.4176,-61.3344,-61.9352,-61.0536,148.302,-61.2788,
-64.7246,-171.5255,148.7943,-61.3916,-62.1438,-61.0723,77.5854,64.5895,
-64.9371,-171.6773,149.152,-61.469,-62.0859,-61.0515,79.9883,-171.2038,
-64.8004,-171.6798,148.7011,-61.3144,-88.0439,64.7264,-65.8,-55.2364,
-64.8626,-171.6339,148.5819,-61.2967,-87.4637,64.7909,-87.5334,67.7096,
-64.7463,-171.6289,148.6219,-61.2597,-88.1318,64.7012,-67.075,-165.3764,
-64.6914,-171.593,147.9751,-61.1587,-88.0938,64.7611,148.4956,-61.3147,
-64.6945,-171.5624,148.3986,-61.2314,-88.1251,64.7871,77.6231,64.6785,
-64.872,-171.5795,148.5244,-61.2755,-88.6484,64.7191,80.0332,-171.0976,
-64.7388,-171.6229,149.1376,-61.4105,-64.8137,-171.6283,-65.8495,-55.2935,
-64.7851,-171.5733,148.9264,-61.3374,-64.4883,-171.6564,-87.2393,67.9452,
-64.8083,-171.6101,149.0863,-61.4089,-64.751,-171.6682,-67.2007,-165.6263,
-64.7705,-171.5878,148.416,-61.2627,-64.7705,-171.5879,148.4161,-61.2627,
-64.8008,-171.579,148.8307,-61.368,-64.7107,-171.538,77.4656,64.6152,
-64.9265,-171.7062,149.1666,-61.4572,-64.7035,-171.5204,79.9861,-171.2037,
-64.7932,-171.6515,149.0188,-61.4319,120.3981,-60.7442,-65.9792,-55.2539,
-64.8712,-171.6187,148.8568,-61.3942,121.7185,-60.7733,-88.0788,67.9031,
-64.7719,-171.5931,149.0099,-61.4325,120.4243,-60.75,-67.2629,-165.4123,
-64.7125,-171.5283,148.4275,-61.2665,120.7971,-60.8129,148.4244,-61.3431,
-64.7892,-171.5353,148.7597,-61.3709,120.1152,-60.8903,77.5352,64.7107,
-64.8021,-171.7061,148.9426,-61.4551,119.9306,-60.8819,80.0813,-171.207,
-64.7503,-171.6629,149.4395,-61.6126,74.5507,65.1262,-65.8645,-55.014,
-64.8223,-171.6264,149.3797,-61.5988,73.7089,65.2297,-88.0865,67.2997,
-64.7434,-171.6161,149.4116,-61.6018,74.4877,65.141,-67.1187,-165.1539,
-64.7056,-171.4889,148.7816,-61.4453,74.9849,65.3198,148.1834,-61.2477,
-64.8567,-171.6267,149.2219,-61.5715,73.342,64.9789,77.844,64.64,
-64.8261,-171.7408,149.4189,-61.6335,73.7556,64.9585,80.3891,-171.4339,
-64.8531,-171.662,149.0033,-61.3659,109.2162,-171.4677,-65.9737,-55.4487,
-64.884,-171.6105,148.7183,-61.2859,112.2159,-171.3856,-88.3671,67.7691,
-64.8357,-171.6244,148.8602,-61.3372,109.5753,-171.4381,-67.2627,-165.5747,
-64.6603,-171.6163,148.2399,-61.1886,110.4526,-171.5688,148.6611,-61.3071,
-64.702,-171.6149,148.6066,-61.287,109.8521,-171.5719,77.5535,64.6021,
-64.8172,-171.639,149.0266,-61.3591,110.3691,-171.5855,80.0137,-171.2237,
-64.7919,-171.6219,77.7576,64.6251,-62.0014,-61.0782,-65.4764,-55.7511,
-64.7896,-171.6169,77.5988,64.5777,-60.315,-60.5989,-87.1047,68.0419,
-64.7372,-171.5973,77.8754,64.6109,-62.056,-61.0768,-66.6907,-165.814,
-64.7358,-171.6005,77.5085,64.5982,-61.9892,-60.9598,148.6865,-61.3428,
-64.8699,-171.5877,77.8712,64.6365,-62.1774,-61.1165,77.8942,64.6511,
-64.9285,-171.6279,78.2452,64.726,-62.1542,-61.0842,80.4482,-171.1654,
-64.8259,-171.6532,77.6567,64.5877,-88.3396,64.7186,-65.2853,-55.4314,
-64.807,-171.6202,77.5701,64.5761,-87.7008,64.7527,-86.8463,67.7749,
-64.8282,-171.6478,77.7781,64.5312,-88.1533,64.7465,-66.5256,-165.6153,
-64.6957,-171.6667,77.3436,64.4676,-88.3664,64.7254,148.8092,-61.3707,
-64.8269,-171.6039,77.6782,64.588,-88.7729,64.7656,78.0748,64.654,
-64.9498,-171.5771,78.035,64.6465,-88.6332,64.8064,80.5195,-171.1961,
-64.6872,-171.6438,77.8808,64.622,-64.853,-171.5194,-65.3423,-55.4472,
-64.7183,-171.6261,77.8005,64.6064,-64.6321,-171.6153,-86.5541,68.0136,
-64.7325,-171.5883,77.9951,64.6446,-64.8174,-171.6299,-66.5639,-165.6323,
-64.7172,-171.5419,77.4688,64.6156,-64.8087,-171.5844,148.8395,-61.3686,
-64.8255,-171.5994,77.7408,64.6515,-64.8255,-171.5994,77.7407,64.6514,
-64.8816,-171.6395,78.1437,64.7291,-64.8304,-171.5973,80.3767,-171.1668,
-64.8206,-171.6599,78.0965,64.7797,120.8861,-60.7116,-65.4619,-55.3898,
-64.7902,-171.5784,77.6387,64.6413,122.4809,-60.8294,-87.6271,67.9343,
-64.7944,-171.6285,77.9844,64.7693,121.0393,-60.756,-66.7472,-165.4992,
-64.6716,-171.5981,77.4886,64.7295,121.3312,-60.8695,148.9196,-61.4108,
-64.7351,-171.535,77.941,64.8383,120.7117,-60.9365,78.0255,64.7031,
-64.8613,-171.6729,78.1937,64.8761,120.9463,-60.9269,80.4102,-171.1983,
-64.8401,-171.697,78.1122,64.6348,74.0172,65.3189,-65.4256,-55.2966,
-64.7335,-171.5835,77.8653,64.5828,73.2121,65.3846,-87.621,67.4213,
-64.7946,-171.6383,78.0622,64.652,73.9307,65.3503,-66.6588,-165.312,
-64.7174,-171.5236,77.4676,64.516,74.3196,65.3625,148.6522,-61.3304,
-64.6897,-171.545,78.0815,64.6959,73.7315,65.0926,78.2025,64.5821,
-64.9042,-171.7102,78.3045,64.6724,73.2392,65.163,80.6859,-171.4104,
-64.7366,-171.6362,78.0581,64.4841,109.6666,-171.4996,-65.3596,-55.2538,
-64.8537,-171.5644,77.6585,64.3894,114.3059,-171.3359,-87.7207,67.8669,
-64.7846,-171.5971,78.0361,64.5402,111.0054,-171.4331,-66.6741,-165.4971,
-64.6708,-171.6394,77.5599,64.5132,112.0015,-171.5847,148.9965,-61.3939,
-64.7531,-171.6573,78.0142,64.5599,111.4756,-171.5006,77.9149,64.7062,
-64.8805,-171.5725,78.2513,64.5384,111.2261,-171.5728,80.4129,-171.2168,
-64.8447,-171.6373,80.4293,-171.1181,-62.0538,-61.0658,-65.1882,-55.7604,
-64.9273,-171.588,79.9966,-171.1464,-60.3891,-60.641,-86.9244,68.067,
-64.891,-171.6021,80.3828,-171.1233,-62.028,-61.086,-66.3672,-165.6606,
-64.8084,-171.6047,79.8969,-171.1956,-62.1187,-61.0096,149.0305,-61.4192,
-64.888,-171.6443,80.384,-171.1544,-62.2475,-61.0837,78.2392,64.7184,
-64.9112,-171.6227,80.6693,-171.174,-62.2708,-61.0648,80.6964,-171.162,
-64.8613,-171.6613,80.4577,-171.19,-88.4015,64.6487,-64.9402,-55.4443,
-64.9126,-171.596,79.9494,-171.1623,-87.9752,64.6759,-86.6135,67.8806,
-64.9405,-171.6393,80.4089,-171.1991,-88.4971,64.6715,-66.1777,-165.5793,
-64.7902,-171.6764,79.8656,-171.2269,-88.733,64.6762,149.0785,-61.4443,
-64.904,-171.6455,80.3439,-171.2486,-89.0342,64.6963,78.3171,64.6967,
-64.995,-171.6558,80.6265,-171.1834,-88.8487,64.7507,80.7822,-171.1254,
-64.8512,-171.6469,80.4976,-171.1442,-64.8559,-171.722,-65.0863,-55.5804,
-64.9168,-171.6051,80.1127,-171.1442,-64.5179,-171.6451,-86.5636,67.9527,
-64.8266,-171.607,80.4413,-171.154,-64.8291,-171.6874,-66.26,-165.4866,
-64.6916,-171.5172,79.9705,-171.2019,-64.9197,-171.7072,149.1448,-61.4622,
-64.8484,-171.6014,80.3713,-171.1701,-64.892,-171.6397,78.139,64.7255,
-64.8849,-171.5974,80.7046,-171.2258,-64.8854,-171.5976,80.7215,-171.2234,
-64.802,-171.6171,80.586,-171.2747,119.1657,-60.9058,-65.1132,-55.3205,
-64.8929,-171.5485,80.1759,-171.2583,121.0484,-60.8569,-87.1356,68.0155,
-64.8026,-171.5561,80.5373,-171.2793,118.9107,-60.8168,-66.3449,-165.6335,
-64.7509,-171.6452,80.1296,-171.2649,120.1344,-60.9471,149.1974,-61.4409,
-64.7646,-171.6393,80.5884,-171.1969,119.5242,-61.0617,78.2756,64.7471,
-64.9521,-171.5936,80.9162,-171.3499,118.9498,-60.9759,80.7633,-171.2139,
-64.8188,-171.6411,80.6639,-171.1074,73.905,65.2665,-65.0582,-55.1879,
-64.8954,-171.5458,80.2934,-171.0868,73.2371,65.1874,-87.4533,67.3813,
-64.7977,-171.5894,80.6167,-171.1016,74.0506,65.2574,-66.1965,-165.2371,
-64.8146,-171.5832,80.1978,-171.0815,73.8774,65.2976,149.008,-61.3771,
-64.7805,-171.6402,80.6913,-171.0474,73.1721,64.9985,78.4081,64.6027,
-64.9528,-171.5916,80.9939,-171.172,73.3241,65.0344,81.0702,-171.4354,
-64.8287,-171.5806,80.6227,-171.2381,109.675,-171.4747,-65.0762,-55.5795,
-64.8553,-171.5864,80.255,-171.177,113.9635,-171.3591,-87.1894,67.9855,
-64.8186,-171.5858,80.6216,-171.2406,109.4098,-171.5009,-66.3123,-165.5839,
-64.6108,-171.5502,80.1157,-171.2616,112.6324,-171.4857,149.3153,-61.5329,
-64.8038,-171.6411,80.5884,-171.0722,84.4838,-171.6514,78.1955,64.6803,
-65.0562,-171.6482,80.8253,-171.2496,110.8227,-171.5167,80.6236,-171.2427,
119.2764,-60.876,-65.4111,-55.195,-62.2825,-61.2202,-65.3466,-55.3929,
118.5933,-60.92,-65.8701,-54.7222,-60.4945,-60.8142,-87.1357,68.1007,
119.1816,-60.9388,-65.4076,-54.9381,-62.0483,-61.1809,-66.5696,-165.4149,
120.5262,-60.7606,-65.8791,-55.0131,-62.1471,-61.157,148.9622,-61.4311,
120.9028,-60.7169,-65.4604,-55.3256,-62.2455,-61.2665,78.0323,64.8026,
119.2726,-60.9017,-65.0468,-55.1985,-62.2588,-61.2291,80.6588,-171.2867,
119.2351,-60.8482,-65.2207,-54.7812,-88.1728,65.0634,-65.1605,-55.2766,
118.9243,-60.8518,-65.6507,-54.4887,-86.676,65.1775,-86.8859,67.8449,
119.1852,-60.8549,-65.304,-54.7117,-87.2652,65.1279,-66.3813,-165.2371,
120.2127,-60.7388,-65.636,-54.5715,-87.8183,65.1392,149.3008,-61.4927,
121.347,-60.7729,-65.3238,-54.9012,-87.8169,65.1677,78.1103,64.8118,
119.2687,-60.8269,-64.9601,-54.9633,-88.0368,65.1251,80.7879,-171.2473,
119.3399,-60.888,-65.4441,-55.3154,-64.9745,-171.6834,-65.2827,-55.2285,
118.7264,-60.9335,-65.865,-54.9401,-64.6517,-171.6371,-86.7538,68.0356,
119.0695,-60.9365,-65.4327,-55.0646,-64.8381,-171.6381,-66.4918,-165.2088,
120.408,-60.7432,-65.9796,-55.254,-64.7983,-171.6523,149.0169,-61.4345,
120.8861,-60.7116,-65.4619,-55.3898,-64.8206,-171.6599,78.0965,64.7797,
119.1643,-60.9057,-65.1132,-55.321,-64.8022,-171.617,80.5861,-171.2748,
119.2789,-60.9106,-65.3723,-55.1058,119.2788,-60.9106,-65.3723,-55.1059,
118.6761,-60.9523,-65.8483,-54.9883,120.9528,-60.9282,-87.6921,67.8943,
119.3022,-60.8494,-65.4433,-55.1879,119.5586,-60.8494,-66.685,-165.3584,
120.2889,-60.7237,-65.9223,-55.2194,120.1071,-60.8997,149.2422,-61.521,
121.0166,-60.787,-65.514,-55.2776,119.2095,-61.0379,77.9785,64.7494,
119.4669,-60.913,-65.0589,-55.3918,119.3189,-61.0603,80.8151,-171.2604,
119.1793,-60.9145,-64.9637,-55.2397,73.9947,65.1916,-65.3768,-55.0183,
118.7089,-60.8935,-65.3656,-55.0199,73.3544,65.2606,-87.6919,67.3889,
119.0724,-60.8339,-65.1577,-55.296,74.0076,65.192,-66.4398,-164.9424,
120.2693,-60.7913,-65.5838,-55.1214,73.9608,65.3169,149.1708,-61.4512,
120.7143,-60.7284,-65.143,-55.3995,73.2515,65.0755,78.2629,64.621,
119.5821,-60.8808,-64.6533,-55.4391,73.0054,65.0599,81.1074,-171.4819,
119.2841,-60.9125,-65.3287,-55.0824,110.2193,-171.4801,-65.3432,-55.2185,
118.6898,-60.9605,-65.8382,-54.9755,113.2751,-171.3897,-87.7994,67.8209,
119.3622,-60.8729,-65.4311,-55.2501,109.9224,-171.4948,-66.6078,-165.2694,
120.3783,-60.787,-65.9236,-55.0532,111.9309,-171.5514,149.3104,-61.4689,
121.1594,-60.7604,-65.4986,-55.3584,111.0492,-171.5571,77.986,64.723,
119.2988,-60.9218,-65.0666,-55.4932,110.088,-171.5753,80.7183,-171.2531,
121.0294,-60.9433,-87.5058,68.0174,-62.0355,-61.0175,-65.8736,-55.1386,
120.2295,-60.9939,-87.9977,67.9488,-60.6418,-60.7068,-87.5717,68.0093,
121.208,-60.9123,-87.6277,67.9337,-62.1621,-61.1087,-67.1876,-165.5767,
122.0438,-60.8197,-87.8985,67.924,-62.1485,-61.1105,148.8597,-61.39,
122.3967,-60.7634,-87.4903,68.0104,-62.1255,-61.0207,77.6937,64.6552,
120.9257,-60.8596,-87.2419,67.9533,-62.4123,-61.0913,80.1609,-171.2531,
121.5368,-60.8905,-87.52,67.9969,-87.8819,64.855,-65.6897,-55.0117,
120.428,-60.9377,-88.019,67.9187,-87.3365,64.9482,-87.3654,67.8313,
120.7722,-60.9859,-87.6996,67.9054,-87.9248,64.9027,-66.8996,-164.9918,
121.6713,-60.8108,-88.3847,67.6595,-88.2201,64.9038,148.8324,-61.3892,
122.885,-60.7773,-87.6985,67.863,-89.1445,64.75,77.758,64.7506,
121.0967,-60.9558,-87.4731,67.9162,-88.8885,64.8419,80.2524,-171.1659,
121.1176,-60.9276,-87.5914,67.9719,-64.8898,-171.5901,-65.792,-54.9649,
120.3815,-60.9681,-88.0446,67.8995,-64.5613,-171.5585,-87.2548,67.9498,
120.8205,-60.9351,-87.6941,67.8926,-64.7993,-171.5863,-67.0913,-165.1219,
121.7181,-60.7732,-88.0795,67.9027,-64.8714,-171.6186,148.8563,-61.3941,
122.4809,-60.8294,-87.6271,67.9343,-64.7902,-171.5784,77.6387,64.6413,
121.0484,-60.8569,-87.1356,68.0155,-64.8929,-171.5485,80.1759,-171.2583,
120.953,-60.9282,-87.6921,67.8943,118.6761,-60.9523,-65.8484,-54.9882,
120.3288,-60.9591,-88.0015,67.9259,120.3299,-60.9603,-87.9976,67.9309,
121.1788,-60.9432,-87.5127,68.0032,118.9504,-60.8812,-67.1114,-165.156,
121.6051,-60.871,-88.2474,67.7573,119.1886,-60.9467,149.1327,-61.4078,
122.4851,-60.7789,-87.6078,67.8523,118.5358,-61.0747,77.7758,64.6916,
121.2082,-60.919,-87.3111,67.9561,118.76,-60.9937,80.1368,-171.3287,
121.1703,-60.9337,-87.0024,68.0759,74.2313,65.0725,-65.6972,-54.8518,
120.501,-60.9494,-87.379,68.023,73.4717,65.1673,-87.9997,67.4234,
121.1769,-60.9156,-87.0012,68.0943,74.0607,65.2505,-66.9557,-164.8609,
121.663,-60.8018,-87.6275,67.9067,74.1774,65.2713,148.8142,-61.3523,
122.4797,-60.7438,-87.0828,67.9987,73.1836,64.9755,77.9578,64.6247,
121.2151,-60.916,-86.7458,68.0368,73.3339,64.9587,80.5113,-171.514,
120.9693,-60.9328,-87.643,67.9034,109.1724,-171.5022,-65.8512,-55.0447,
120.2477,-60.969,-87.9715,67.9244,112.2984,-171.4491,-88.1499,67.8388,
121.0469,-60.913,-87.5032,67.9681,108.8766,-171.5091,-67.0393,-165.2114,
121.6627,-60.8661,-88.1662,67.768,111.2144,-171.6182,149.1563,-61.4211,
122.5439,-60.7835,-87.5202,67.8769,110.2275,-171.6499,77.7352,64.6698,
121.0844,-60.9555,-87.2091,67.9993,110.2811,-171.5953,80.1881,-171.3216,
119.4552,-60.9154,-66.6489,-165.2539,-61.8536,-61.0115,-65.5177,-55.3934,
119.0983,-60.9177,-67.1437,-165.0876,-60.3593,-60.6458,-87.3037,67.9737,
119.0816,-60.8238,-66.5649,-165.1343,-61.9198,-61.0875,-66.763,-165.674,
120.4902,-60.762,-67.2672,-165.3899,-61.9994,-61.0087,148.9327,-61.4196,
121.1457,-60.7105,-66.7339,-165.414,-62.1113,-61.1202,77.9291,64.7677,
119.0166,-60.8123,-66.3238,-165.6087,-62.1438,-61.0294,80.5431,-171.2736,
119.5318,-60.8686,-66.8919,-165.4086,-87.964,64.6867,-65.3379,-55.1869,
118.7937,-60.9163,-67.3258,-165.0325,-86.5405,64.8787,-87.0434,67.8273,
119.3625,-60.9218,-66.9174,-165.2273,-87.1517,64.8194,-66.5533,-165.2335,
120.1299,-60.6956,-67.3395,-165.459,-87.8891,64.7917,149.26,-61.4803,
121.4374,-60.7446,-66.8108,-165.274,-87.7313,64.8262,77.9909,64.8407,
119.5659,-60.8543,-66.5491,-165.5822,-87.9005,64.8011,80.5399,-171.2095,
119.3999,-60.9115,-66.6587,-165.2845,-64.8602,-171.611,-65.411,-55.1402,
118.9444,-60.8982,-67.0852,-165.1047,-64.4763,-171.6183,-86.8375,67.958,
119.3301,-60.8165,-66.6516,-165.2128,-64.7106,-171.6476,-66.6709,-165.4191,
120.4057,-60.7471,-67.2573,-165.3805,-64.779,-171.5941,148.9511,-61.4295,
121.0393,-60.756,-66.7472,-165.4992,-64.7944,-171.6285,77.9844,64.7693,
118.9684,-60.8148,-66.3486,-165.6383,-64.8027,-171.5546,80.527,-171.2803,
119.5586,-60.8494,-66.685,-165.3584,119.3022,-60.8494,-65.4433,-55.1879,
118.9504,-60.8812,-67.1114,-165.156,121.1788,-60.9432,-87.5127,68.0032,
119.2501,-60.9053,-66.6984,-165.2391,119.2502,-60.9053,-66.7013,-165.2338,
120.4396,-60.77,-67.1766,-165.2685,119.7648,-60.9848,149.2761,-61.4923,
121.1937,-60.7093,-66.6844,-165.5009,119.0162,-61.0916,77.9863,64.741,
119.4227,-60.8483,-66.4268,-165.6321,119.2256,-61.0473,80.6713,-171.2898,
119.3998,-60.8434,-66.4065,-165.5565,73.8995,65.202,-65.2819,-54.9668,
118.8442,-60.8939,-66.7585,-165.428,72.5659,65.1836,-87.7427,67.3521,
119.2068,-60.8475,-66.3204,-165.3417,73.8754,65.2357,-66.5462,-165.0106,
120.3991,-60.6945,-66.9077,-165.5192,74.5325,65.3312,148.9448,-61.4004,
121.1122,-60.7446,-66.3891,-165.5226,73.0902,65.0165,78.2279,64.6336,
119.2652,-60.826,-65.915,-165.5561,73.0799,65.0268,81.1212,-171.5096,
119.5679,-60.8503,-66.5984,-165.2788,109.1455,-171.5151,-65.4549,-55.3305,
118.9453,-60.8699,-66.9747,-165.1108,112.5923,-171.4106,-87.6355,67.8938,
119.1159,-60.8901,-66.6774,-165.4042,108.8198,-171.4644,-66.6728,-165.4365,
120.5364,-60.7592,-67.1289,-165.3539,111.3176,-171.5629,149.3798,-61.5145,
121.1886,-60.6967,-66.6548,-165.6032,110.0493,-171.5763,77.9576,64.7371,
119.5802,-60.8501,-66.3246,-165.423,110.5417,-171.5887,80.3633,-171.2724,
119.9727,-60.9225,149.4199,-61.5457,-61.9837,-61.0119,-65.8731,-55.4553,
119.4769,-60.9938,149.1346,-61.458,-60.3542,-60.5894,-87.7093,67.9202,
119.9089,-60.9706,149.2946,-61.4811,-62.0144,-61.078,-67.2169,-165.7599,
120.8606,-60.8428,148.4791,-61.352,-61.9304,-60.9858,148.3487,-61.3267,
121.3228,-60.8833,148.9901,-61.4517,-62.0702,-61.0256,77.4799,64.7099,
119.8693,-61.0082,149.286,-61.545,-62.0607,-61.0174,80.0537,-171.2882,
119.9118,-60.9626,148.9509,-61.3381,-87.5119,64.7951,-65.7495,-55.294,
119.6536,-60.9661,148.7482,-61.3199,-87.2554,64.7282,-87.5786,67.6614,
119.6102,-60.9587,148.8499,-61.3475,-87.9096,64.6741,-67.0782,-165.4923,
120.7185,-60.8613,148.1245,-61.1746,-88.1256,64.7584,148.5387,-61.3664,
121.4401,-60.8363,148.5722,-61.2352,-87.7983,64.7776,77.6509,64.8612,
120.1627,-60.987,148.8447,-61.3405,-87.9388,64.7057,80.1439,-171.2232,
119.8297,-60.9036,149.4371,-61.4993,-64.705,-171.5652,-65.8335,-55.3283,
119.3961,-60.9916,149.1636,-61.4077,-64.5265,-171.5706,-87.3244,67.8256,
119.7959,-60.9846,149.1964,-61.4119,-64.7541,-171.6137,-67.1288,-165.5465,
120.7809,-60.814,148.4289,-61.3443,-64.7143,-171.534,148.4267,-61.2699,
121.305,-60.8707,148.9089,-61.4068,-64.6802,-171.6052,77.4841,64.7395,
120.1717,-60.9468,149.195,-61.4415,-64.7559,-171.647,80.1316,-171.2645,
120.1084,-60.8994,149.2422,-61.5183,120.2893,-60.7241,-65.9224,-55.2213,
119.1599,-60.948,149.105,-61.4076,121.6045,-60.8709,-88.2503,67.7562,
119.7683,-60.9865,149.2808,-61.4934,120.4449,-60.7682,-67.1774,-165.2699,
120.6486,-60.82,148.4222,-61.3239,120.6487,-60.8198,148.4215,-61.3213,
121.3172,-60.8842,148.8628,-61.3802,120.3717,-60.9141,77.5287,64.8104,
120.1146,-60.9224,149.191,-61.5164,119.8443,-60.9072,80.1861,-171.3194,
120.0893,-60.8907,149.6373,-61.7146,74.3983,65.1757,-65.8509,-55.2451,
119.1137,-60.9363,149.5944,-61.6157,73.7098,65.325,-88.2458,67.3015,
119.7384,-60.9673,149.7716,-61.7069,74.3038,65.2238,-67.039,-164.9298,
120.4843,-60.8396,148.8747,-61.5142,74.5786,65.3037,148.1935,-61.2317,
121.2413,-60.8742,149.1987,-61.5439,73.3545,64.9663,77.8036,64.7083,
120.0425,-60.9172,149.6456,-61.7106,73.6481,64.9686,80.4713,-171.5357,
119.8825,-60.8853,149.1458,-61.3765,108.1249,-171.5013,-65.9012,-55.1706,
119.1355,-60.9668,149.0701,-61.3509,112.4287,-171.3915,-88.3247,67.6975,
119.7851,-60.9807,149.1583,-61.4038,107.7527,-171.5203,-67.1283,-165.3789,
120.9032,-60.8389,148.3799,-61.2589,110.5684,-171.5846,148.5872,-61.3623,
121.3542,-60.8872,148.7733,-61.3158,109.6994,-171.55,77.6041,64.8535,
120.1043,-60.9199,149.1224,-61.397,109.3641,-171.5721,80.1067,-171.3261,
119.3095,-61.0673,77.8997,64.6742,-62.0124,-61.0047,-65.5014,-55.5606,
118.4938,-61.0841,77.82,64.6054,-60.3058,-60.5963,-87.258,67.938,
118.8944,-61.0858,78.0754,64.7307,-61.9603,-61.0653,-66.7118,-165.6574,
120.2298,-60.9149,77.4244,64.7388,-62.0689,-61.0469,148.6746,-61.3846,
120.7819,-60.9389,78.0844,64.7482,-62.1426,-61.0477,77.9772,64.84,
119.4571,-61.0756,78.2916,64.7298,-62.1726,-61.0591,80.6122,-171.2729,
119.2986,-61.0369,77.7317,64.6571,-89.121,64.5638,-65.2373,-55.242,
118.8202,-61.0957,77.7278,64.6609,-86.9071,64.7922,-87.0193,67.749,
119.5606,-61.0533,77.995,64.6518,-87.5547,64.7472,-66.4722,-165.5403,
120.4027,-60.925,77.2547,64.62,-88.2163,64.8047,148.6959,-61.3881,
120.556,-60.9658,77.9085,64.6704,-88.4345,64.7684,78.1388,64.9178,
119.2107,-61.0945,78.2326,64.7109,-88.0023,64.7575,80.636,-171.2983,
119.2614,-61.0173,77.8859,64.7038,-64.7993,-171.628,-65.4275,-55.4011,
118.3407,-61.0943,77.8549,64.6548,-64.6489,-171.6172,-86.7898,67.8908,
118.9875,-61.0805,78.067,64.7207,-64.7866,-171.6274,-66.6231,-165.4865,
120.1153,-60.889,77.5358,64.7103,-64.7946,-171.5392,148.7599,-61.3693,
120.7147,-60.9362,78.0245,64.7028,-64.7357,-171.5359,77.9435,64.8382,
119.5188,-61.0614,78.2768,64.7465,-64.7572,-171.6373,80.5915,-171.1978,
119.2091,-61.038,77.9785,64.7495,121.0164,-60.7872,-65.514,-55.2776,
118.5353,-61.0746,77.7759,64.6916,122.4851,-60.7789,-87.6076,67.8522,
119.0162,-61.0916,77.9863,64.741,121.1937,-60.7093,-66.6844,-165.5009,
120.3716,-60.9141,77.5287,64.8104,121.3173,-60.8842,148.8628,-61.3802,
120.8901,-60.9769,78.0069,64.8895,120.89,-60.9767,77.9966,64.8884,
119.5627,-60.9938,78.2747,64.8818,121.1233,-60.888,80.6239,-171.3583,
119.0591,-60.9834,78.1521,64.69,73.9116,65.3127,-65.3455,-55.0924,
118.4165,-61.0452,77.9942,64.6047,73.0752,65.3149,-87.7513,67.3341,
118.9749,-61.1058,78.2686,64.677,74.011,65.3834,-66.5431,-165.3317,
120.2824,-60.8902,77.5771,64.6403,74.3227,65.4132,148.6569,-61.3229,
120.817,-60.9271,78.0998,64.7272,73.4383,65.2273,78.2987,64.7756,
119.2896,-60.9805,78.4613,64.7655,73.1719,65.1976,80.9407,-171.5517,
119.0771,-60.9925,78.0655,64.4934,108.3772,-171.5413,-65.4582,-55.3724,
118.4098,-61.0818,77.7719,64.43,112.1205,-171.4793,-87.6991,67.7808,
119.0226,-61.0922,77.9491,64.4224,108.6904,-171.5648,-66.6774,-165.6774,
120.1413,-60.9086,77.6456,64.6228,111.8406,-171.5614,148.9689,-61.4415,
120.786,-60.9427,78.0239,64.6059,111.3768,-171.5204,77.9634,64.872,
119.666,-61.0004,78.2899,64.6036,110.1637,-171.5837,80.5958,-171.3828,
119.0503,-61.0694,80.6406,-171.2358,-62.058,-61.0979,-65.1625,-55.8398,
118.7035,-61.0023,80.0129,-171.1539,-60.4165,-60.572,-86.9975,67.976,
118.7909,-61.0538,80.5024,-171.0939,-61.9537,-61.0547,-66.3213,-165.7007,
120.0213,-60.8587,80.1165,-171.2004,-62.0734,-61.0285,148.9799,-61.4371,
121.3042,-60.7929,152.6657,-165.1502,-62.1284,-61.0261,77.8934,64.8957,
119.0006,-60.9779,80.762,-171.2206,-62.3508,-61.121,80.9258,-171.3407,
118.936,-61.0542,80.5853,-171.2278,-88.246,64.6789,-64.9823,-55.525,
118.4512,-61.1136,79.9344,-171.2665,-88.2919,64.6411,-86.9349,67.6852,
119.179,-61.0133,80.3118,-171.2769,-87.9253,64.6905,-66.2206,-165.6189,
120.1613,-60.9032,80.0924,-171.2257,-88.4573,64.754,149.3773,-61.5098,
120.7638,-60.8973,80.5767,-171.3153,-88.4157,64.7108,78.3626,64.8806,
119.5732,-61.0109,80.6731,-171.2359,-88.3113,64.7533,80.889,-171.196,
119.0065,-61.0631,80.6869,-171.2486,-64.8747,-171.6503,-65.1333,-55.6244,
118.7456,-61.0654,80.0084,-171.1968,-64.5644,-171.6584,-86.7877,67.8515,
119.1571,-61.0066,80.3735,-171.2098,-64.9131,-171.6431,-66.3642,-165.772,
119.9109,-60.8802,80.0624,-171.2074,-64.7988,-171.7079,148.9463,-61.4472,
120.9314,-60.9232,80.4311,-171.1972,-64.8653,-171.6675,78.1985,64.8771,
118.9498,-60.9759,80.7633,-171.2139,-64.9521,-171.5936,80.9162,-171.3499,
119.3055,-61.0596,80.8118,-171.2602,119.4558,-60.9123,-65.0578,-55.3904,
118.7576,-60.9898,80.1398,-171.3278,121.194,-60.9192,-87.307,67.957,
119.2161,-61.0479,80.6711,-171.2901,119.4332,-60.8478,-66.4257,-165.6293,
119.8444,-60.9072,80.1861,-171.3195,120.1147,-60.9224,149.191,-61.5164,
121.1218,-60.8879,80.6356,-171.3555,119.5594,-60.9942,78.2751,64.8842,
119.3382,-60.9999,80.8932,-171.3352,119.3361,-60.9996,80.8895,-171.3435,
119.4435,-61.0802,80.8122,-171.1097,74.0595,65.2311,-65.0518,-55.3061,
118.7636,-61.0571,80.4069,-171.1693,72.7047,65.2614,-87.3863,67.3807,
119.1071,-61.0301,80.6966,-171.1493,73.4501,65.2447,-66.2916,-165.3976,
119.7704,-60.8937,80.2572,-171.1372,73.9392,65.3335,148.9984,-61.4052,
120.9742,-60.8372,80.718,-171.1521,72.8284,64.998,78.4219,64.7577,
119.3014,-60.9913,80.9202,-171.1659,73.2715,65.0723,81.2281,-171.5275,
118.9969,-61.048,80.6516,-171.1992,85.7205,-171.5992,-65.2087,-55.3727,
118.3656,-61.1224,80.4075,-171.0956,82.2536,-171.4849,-87.5496,67.2721,
118.893,-61.0255,80.4507,-171.2092,109.9829,-171.4218,-66.2929,-165.4397,
120.089,-60.9213,80.1823,-171.296,111.0147,-171.5318,149.3113,-61.5121,
121.133,-60.858,80.634,-171.3442,110.3101,-171.5223,78.2814,64.901,
119.2929,-61.0326,80.9109,-171.2763,110.8367,-171.5019,80.8201,-171.3281,
73.9681,65.1924,-65.3006,-55.0294,-62.1706,-61.164,-65.0132,-55.5235,
74.291,65.1258,-65.8031,-54.6737,-60.3799,-60.8221,-86.7025,68.1513,
74.473,65.2164,-65.3591,-54.8511,-62.0421,-61.2341,-66.2286,-165.6486,
74.5555,65.0971,-65.7987,-54.9523,-62.1128,-61.1523,149.4076,-61.62,
73.9995,65.2871,-65.3544,-55.1556,-62.2032,-61.2188,78.0746,64.5988,
73.9723,65.2508,-64.9741,-55.0868,-62.2401,-61.2191,80.7507,-171.1198,
73.6918,65.1933,-65.0661,-54.585,-88.3674,65.0513,-64.7779,-55.3101,
73.9018,65.1512,-65.4946,-54.3903,-87.5521,65.1285,-86.4084,67.8677,
74.0656,65.2068,-65.1887,-54.6183,-88.3511,65.0584,-65.9602,-165.2573,
74.4695,65.1529,-65.5959,-54.464,-88.0258,65.1487,149.7233,-61.6614,
73.8716,65.2907,-65.1866,-54.7646,-88.2534,65.1428,78.3025,64.5807,
73.6249,65.2143,-64.8748,-54.8157,-88.0811,65.1719,80.8531,-171.0595,
74.0373,65.1949,-65.3663,-55.1712,-64.9565,-171.6984,-64.9455,-55.3547,
74.2806,65.1425,-65.7642,-54.8626,-64.6531,-171.6582,-86.2062,68.1221,
74.4696,65.2204,-65.3981,-54.9937,-64.8811,-171.6686,-66.1348,-165.3037,
74.5478,65.1269,-65.8651,-55.0155,-64.7495,-171.6627,149.4361,-61.6124,
74.0155,65.3185,-65.4259,-55.2955,-64.8407,-171.6985,78.1083,64.6334,
73.9062,65.2662,-65.058,-55.1878,-64.8188,-171.6409,80.664,-171.1077,
73.9957,65.1933,-65.3777,-55.0173,119.1792,-60.918,-64.9621,-55.2417,
74.2313,65.0725,-65.6972,-54.8518,121.1703,-60.9337,-87.0024,68.0759,
73.8995,65.2019,-65.2819,-54.9668,119.3998,-60.8435,-66.4065,-165.5566,
74.4024,65.1737,-65.8499,-55.2455,120.0373,-60.8943,149.6422,-61.7098,
73.9116,65.3127,-65.3455,-55.0919,119.0597,-60.9833,78.1518,64.6901,
74.0643,65.2329,-65.0539,-55.3004,119.4272,-61.0834,80.7868,-171.1079,
74.2789,65.2168,-64.9069,-55.0651,74.2795,65.2176,-64.9031,-55.0687,
74.4008,65.1166,-65.2754,-54.9262,73.4246,65.2938,-87.2257,67.4307,
74.0514,65.1453,-64.9965,-55.1075,74.1437,65.1776,-66.2004,-165.2034,
74.6426,65.1488,-65.532,-55.1546,74.1576,65.2513,149.5239,-61.6346,
74.3046,65.2696,-65.0141,-55.1148,73.6231,65.0646,78.3337,64.4841,
74.4699,65.2435,-64.6441,-55.3144,73.2523,65.0291,81.1702,-171.3071,
74.1619,65.197,-65.325,-54.972,110.5764,-171.4641,-64.9596,-55.3383,
74.2428,65.083,-65.7072,-54.8362,113.5357,-171.3734,-87.1139,67.9911,
74.2795,65.2108,-65.283,-55.0587,110.6757,-171.4679,-66.2883,-165.412,
74.6221,65.2148,-65.8556,-55.0844,112.1382,-171.5525,149.6742,-61.6654,
73.8881,65.2942,-65.3298,-55.0563,111.0152,-171.5403,78.1387,64.6769,
74.0239,65.2192,-65.0038,-55.3538,110.7671,-171.531,80.734,-171.1172,
73.6664,65.2791,-87.3739,67.505,-61.9349,-61.0283,-65.3812,-55.2585,
73.5281,65.2191,-87.9359,67.4325,-60.4991,-60.7321,-87.0412,68.1073,
72.9186,65.2731,-87.5545,67.4426,-62.1864,-61.1433,-66.625,-165.5327,
73.5427,65.1804,-88.051,67.3591,-62.1015,-61.0804,149.3822,-61.6188,
73.3299,65.3614,-87.5763,67.4019,-62.1154,-61.0703,77.8138,64.5791,
73.2459,65.1532,-87.4107,67.4217,-62.3119,-61.0852,80.2796,-171.1004,
73.2426,65.2653,-87.5646,67.4437,-88.887,64.7921,-65.2375,-55.1484,
73.6973,65.263,-88.0523,67.3443,-87.2903,64.9642,-86.8155,67.9185,
73.6343,65.2948,-87.7109,67.3481,-87.8015,64.9226,-66.5033,-165.1772,
73.4314,65.1806,-88.3858,67.2693,-88.6857,64.9132,149.4319,-61.6284,
73.2272,65.3359,-88.0825,67.1813,-89.276,64.796,77.7443,64.5928,
72.8966,65.2734,-87.4281,67.4082,-89.2652,64.815,80.4027,-171.0168,
73.5806,65.3001,-87.4244,67.5188,-64.9106,-171.6054,-65.3014,-55.076,
73.7049,65.2238,-87.9167,67.4126,-64.5166,-171.5737,-86.573,68.0998,
73.3955,65.2675,-87.6089,67.4033,-64.801,-171.6108,-66.5623,-165.1558,
73.6889,65.2234,-88.0831,67.3116,-64.8292,-171.6238,149.3891,-61.5937,
73.2121,65.3846,-87.621,67.4213,-64.7335,-171.5835,77.8653,64.5828,
73.2485,65.185,-87.4452,67.3643,-64.9206,-171.5558,80.2862,-171.0756,
73.3543,65.2606,-87.6919,67.3889,118.7091,-60.8935,-65.3656,-55.02,
73.4748,65.166,-87.9977,67.4225,120.4972,-60.9513,-87.3812,68.0175,
72.5659,65.1836,-87.7427,67.3521,118.8442,-60.8939,-66.7585,-165.428,
73.7001,65.3209,-88.2442,67.2943,119.1207,-60.935,149.6218,-61.6252,
73.0752,65.3149,-87.7513,67.3341,118.4165,-61.0452,77.9942,64.6047,
72.6743,65.2485,-87.3863,67.4016,118.7417,-61.0422,80.3878,-171.1448,
73.4242,65.2939,-87.2261,67.4308,74.4009,65.1167,-65.2754,-54.9261,
73.6322,65.1656,-87.4618,67.4467,73.6327,65.1627,-87.4571,67.4528,
72.9684,65.1383,-86.9991,67.5389,74.2606,65.1475,-66.5065,-165.0684,
73.6114,65.2889,-87.8308,67.2973,74.6512,65.2994,149.4862,-61.556,
73.4754,65.264,-87.1923,67.3842,73.4448,64.9676,78.2383,64.4699,
72.8071,65.2317,-86.8095,67.5089,73.5011,64.9682,80.6907,-171.3989,
73.4321,65.2723,-87.5932,67.4169,109.9968,-171.4774,-65.31,-55.0781,
73.5737,65.1691,-87.905,67.4512,112.9207,-171.3981,-87.5182,67.9203,
72.7565,65.2293,-87.645,67.3982,109.6354,-171.5341,-66.7554,-165.4227,
73.5747,65.317,-88.188,67.297,111.4494,-171.5767,149.6731,-61.6285,
73.1073,65.2972,-87.6509,67.3505,110.6595,-171.6096,77.9813,64.618,
73.1167,65.265,-87.2885,67.4187,110.5748,-171.5846,80.3737,-171.1159,
74.3092,65.2199,-66.5382,-165.0173,-61.7975,-61.0594,-65.1077,-55.4871,
74.1512,65.1458,-67.0567,-164.9287,-60.3153,-60.6461,-86.921,68.0103,
73.7477,65.2019,-66.3954,-164.7999,-61.9669,-61.0711,-66.4358,-165.7265,
74.494,65.1468,-67.1599,-165.2595,-61.9359,-61.0002,149.3263,-61.5945,
73.9206,65.2911,-66.5766,-165.0823,-62.1476,-61.1121,77.9803,64.6324,
74.0894,65.2508,-66.1703,-165.1392,-62.0786,-61.0591,80.604,-171.1144,
73.8923,65.2369,-66.7064,-165.2112,-88.5955,64.7004,-64.9531,-55.2943,
74.3065,65.1789,-67.1722,-164.8304,-86.5545,64.8926,-86.5759,67.9054,
74.2853,65.2596,-66.7719,-164.9752,-87.1764,64.8242,-66.1831,-165.4468,
74.5473,65.2142,-67.2694,-165.2379,-88.0515,64.8101,149.7084,-61.6533,
73.7857,65.3243,-66.6521,-165.1021,-88.2245,64.8041,78.1253,64.6085,
73.8055,65.28,-66.4511,-165.3265,-87.8725,64.8279,80.626,-171.0701,
74.2624,65.2505,-66.5499,-165.0217,-64.9089,-171.6363,-65.0251,-55.2481,
74.3428,65.1537,-66.9744,-164.8479,-64.4334,-171.6499,-86.3299,68.0598,
73.9158,65.2217,-66.5015,-164.941,-64.717,-171.6708,-66.2769,-165.5181,
74.4995,65.1471,-67.1195,-165.1382,-64.7443,-171.6305,149.3897,-61.5763,
73.9304,65.3506,-66.6589,-165.3127,-64.7947,-171.638,78.0622,64.6521,
74.0513,65.2603,-66.1967,-165.2284,-64.7958,-171.5869,80.6216,-171.1025,
74.0076,65.192,-66.4398,-164.9424,119.0724,-60.8339,-65.1577,-55.296,
74.0605,65.2504,-66.9557,-164.8608,121.1771,-60.9156,-87.0012,68.0943,
73.8713,65.2359,-66.5425,-165.0037,119.2091,-60.8403,-66.3171,-165.3329,
74.3063,65.2226,-67.0409,-164.9315,119.7422,-60.9664,149.7676,-61.6938,
74.0109,65.3833,-66.5432,-165.332,118.9748,-61.1057,78.2687,64.6771,
73.4517,65.2438,-66.2911,-165.3949,119.1132,-61.0304,80.7034,-171.1487,
74.1436,65.1784,-66.2003,-165.2032,74.0513,65.1449,-64.9964,-55.1076,
74.2606,65.1475,-66.5065,-165.0684,72.9684,65.1383,-86.9991,67.5389,
74.1771,65.258,-66.2197,-165.0625,74.1806,65.2594,-66.2272,-165.0866,
74.1986,65.2018,-66.692,-165.141,74.7225,65.2922,149.5006,-61.6074,
74.555,65.3816,-66.2513,-165.3673,73.3382,64.9615,78.3241,64.4713,
73.8218,65.2356,-65.8808,-165.343,73.2993,64.9638,81.0939,-171.3348,
74.2593,65.2165,-66.4364,-165.0132,109.9056,-171.507,-65.1352,-55.3656,
74.2845,65.1708,-66.7935,-164.7959,113.1579,-171.4207,-87.0928,67.9925,
73.5301,65.1765,-66.5603,-165.0477,109.6919,-171.509,-66.329,-165.5083,
74.2091,65.2049,-66.9713,-165.0379,111.6018,-171.5247,149.8673,-61.7207,
74.0221,65.367,-66.5006,-165.3788,110.7458,-171.5242,78.2224,64.6669,
73.9513,65.2137,-66.2866,-165.2589,110.9304,-171.5651,80.5065,-171.1223,
74.2296,65.3113,149.154,-61.4733,-62.0253,-61.0344,-65.5246,-55.4362,
74.1148,65.2612,148.8841,-61.397,-60.226,-60.5703,-87.1431,68.1005,
74.4492,65.3248,149.0211,-61.4253,-61.914,-61.0286,-66.8737,-165.7814,
75.01,65.3308,148.4023,-61.2886,-61.9119,-60.9938,149.0038,-61.5299,
74.4006,65.3803,148.7437,-61.375,-62.141,-61.0449,77.6338,64.6312,
74.2843,65.2864,148.999,-61.4522,-62.1383,-61.0345,80.103,-171.1534,
74.7097,65.3448,148.6593,-61.2581,-87.6561,64.8456,-65.4334,-55.3326,
74.2756,65.295,148.6192,-61.2722,-87.745,64.685,-86.9342,67.8286,
73.9439,65.2943,148.6218,-61.278,-88.2151,64.6975,-66.7291,-165.5529,
74.9512,65.3572,148.039,-61.1169,-88.5173,64.7921,149.3455,-61.5926,
74.2621,65.4099,148.3982,-61.174,-88.037,64.8204,77.8218,64.7465,
74.113,65.2988,148.5942,-61.2669,-88.0929,64.7576,80.1546,-171.0225,
74.2738,65.2922,149.2063,-61.4343,-64.7821,-171.5679,-65.4592,-55.2884,
74.3325,65.2569,148.8975,-61.3503,-64.5795,-171.5704,-86.7944,67.9773,
74.6726,65.3283,148.9532,-61.3553,-64.7938,-171.595,-66.7957,-165.5941,
74.9955,65.3207,148.1745,-61.2481,-64.7094,-171.4845,148.7718,-61.445,
74.3276,65.3613,148.6503,-61.3251,-64.7091,-171.5264,77.4923,64.5114,
73.8914,65.3045,149.0038,-61.3751,-64.8009,-171.5758,80.1871,-171.0849,
73.9553,65.3171,149.1797,-61.4525,120.2663,-60.7923,-65.584,-55.1183,
74.1773,65.2713,148.8052,-61.3502,121.6613,-60.8016,-87.6281,67.9046,
74.5321,65.3311,148.945,-61.4005,120.3988,-60.6947,-66.9076,-165.519,
74.5922,65.3033,148.1941,-61.2351,120.4723,-60.8372,148.8769,-61.522,
74.3174,65.4127,148.66,-61.3225,120.2667,-60.8882,77.5805,64.6386,
73.936,65.337,149.0082,-61.4086,119.7692,-60.891,80.2634,-171.1167,
74.1679,65.249,149.5305,-61.6375,74.6508,65.147,-65.5306,-55.1414,
74.6463,65.3051,149.4898,-61.5527,73.6304,65.2797,-87.8339,67.2867,
74.724,65.2936,149.502,-61.6055,74.2005,65.205,-66.691,-165.1443,
74.8509,65.2558,148.6816,-61.4335,74.8511,65.2558,148.6833,-61.4292,
74.4828,65.3753,149.0517,-61.4929,73.5297,64.9437,77.8518,64.5578,
74.2729,65.3187,149.5029,-61.614,73.9202,64.9124,80.5318,-171.3504,
73.9008,65.3026,149.0917,-61.314,109.799,-171.4792,-65.5659,-55.2296,
74.2374,65.2612,148.7395,-61.2666,112.8542,-171.4157,-87.7438,67.8381,
74.6256,65.3256,148.7854,-61.2853,108.7444,-171.5217,-66.8637,-165.6026,
74.5828,65.2979,148.1129,-61.1907,110.8665,-171.6073,149.0174,-61.5235,
74.4405,65.4481,148.5958,-61.2486,110.0891,-171.5681,77.6056,64.6194,
73.9907,65.2958,148.9501,-61.3067,109.5415,-171.5925,80.2082,-171.1635,
73.1121,65.0445,78.2604,64.5215,-62.0873,-61.0872,-65.0694,-55.6351,
72.9225,64.9627,77.9108,64.4594,-60.2705,-60.636,-86.7257,68.0589,
73.3051,64.9706,78.1083,64.5847,-61.9535,-61.0641,-66.3679,-165.7448,
73.7111,64.9765,77.6717,64.5795,-62.0385,-61.0326,149.4191,-61.6142,
73.5142,65.065,78.2653,64.6102,-62.0993,-61.0348,78.1551,64.7201,
73.4665,64.9713,78.4439,64.6363,-62.122,-61.0631,80.6963,-171.1004,
73.2424,65.0363,78.0285,64.5255,-89.1782,64.6041,-64.8472,-55.265,
72.6217,64.9804,77.9429,64.4894,-87.3411,64.7864,-86.4395,67.913,
72.8798,65.0611,78.2744,64.5575,-87.9155,64.7252,-66.0514,-165.5567,
73.7539,65.0,77.4699,64.3889,-88.5858,64.7577,149.6525,-61.6379,
73.1373,65.0759,78.0505,64.5135,-88.9132,64.799,78.2439,64.7492,
73.1297,64.9829,78.4065,64.5787,-88.6021,64.7709,80.7007,-171.1227,
73.0233,65.0261,78.26,64.5617,-64.7698,-171.6449,-64.9964,-55.4218,
72.9447,64.9591,78.0746,64.5117,-64.6505,-171.595,-86.3201,67.9968,
73.3319,65.0066,78.2834,64.613,-64.8459,-171.6212,-66.2444,-165.5455,
73.3324,64.9872,77.8407,64.6392,-64.8522,-171.6221,149.2282,-61.5732,
73.7313,65.0927,78.2022,64.5819,-64.6899,-171.5451,78.082,64.6962,
73.1687,64.9987,78.4164,64.5973,-64.7661,-171.6377,80.6962,-171.0431,
73.2514,65.0755,78.2629,64.621,120.7143,-60.7284,-65.143,-55.3995,
73.1837,64.9752,77.9579,64.6246,122.4795,-60.7437,-87.0827,67.999,
73.09,65.0166,78.2278,64.6337,121.112,-60.7447,-66.3891,-165.5229,
73.3592,64.9676,77.8049,64.7095,121.2509,-60.8726,149.1725,-61.5432,
73.4384,65.2274,78.2987,64.7756,120.817,-60.9271,78.0998,64.7272,
72.827,64.9983,78.4195,64.7597,120.9569,-60.8376,80.7104,-171.1515,
73.6232,65.0646,78.3337,64.4841,74.3048,65.2696,-65.0141,-55.1148,
73.4448,64.9676,78.2383,64.4699,73.4755,65.264,-87.1923,67.3842,
73.338,64.9615,78.3241,64.4712,74.5552,65.3817,-66.2512,-165.3673,
73.5306,64.9426,77.852,64.5558,74.4721,65.3764,149.0187,-61.4903,
73.7486,65.163,78.2694,64.603,73.7495,65.1615,78.2898,64.6053,
73.0105,65.0069,78.6457,64.6176,73.3231,65.1332,81.0604,-171.3613,
72.977,65.049,78.3455,64.3767,109.0981,-171.4853,-65.0583,-55.514,
73.0708,64.9501,77.949,64.3346,112.6861,-171.4375,-87.1648,67.9266,
73.2107,64.9941,78.1313,64.2878,109.285,-171.518,-66.3595,-165.6347,
73.1975,64.9301,77.9398,64.555,112.1842,-171.5402,149.47,-61.6314,
73.6012,65.165,78.2098,64.4741,112.049,-171.4945,78.0411,64.6485,
72.835,64.994,78.4504,64.4255,109.869,-171.5994,80.7129,-171.2047,
73.4449,64.9708,80.8101,-171.4177,-62.1037,-61.0895,-64.8023,-55.6969,
72.9823,64.8985,80.5043,-171.3714,-60.2827,-60.5352,-86.2901,68.1676,
73.3346,65.0127,80.8649,-171.3118,-61.9026,-61.0819,-65.9675,-165.8539,
73.4734,64.9767,80.4477,-171.4235,-62.0192,-61.0182,149.3694,-61.6083,
73.431,65.1188,80.6908,-171.4034,-62.1785,-61.1185,78.4187,64.6879,
73.2167,65.0396,81.0475,-171.4561,-62.3547,-61.1022,80.9659,-171.1572,
73.3226,64.9941,80.8593,-171.4697,-88.7966,64.6797,-64.5533,-55.4818,
73.5424,64.9305,80.3866,-171.4614,-88.0844,64.6881,-86.0996,67.911,
72.9406,65.0229,80.7155,-171.4736,-88.0425,64.7162,-65.7456,-165.5122,
73.4735,64.9886,80.4284,-171.4539,-88.5934,64.7905,149.6687,-61.664,
73.1508,65.0752,80.8778,-171.4807,-89.1363,64.7216,78.5511,64.7805,
72.8928,65.0336,80.9146,-171.4308,-88.4589,64.7573,80.9321,-171.0472,
73.4435,65.014,80.975,-171.471,-64.848,-171.6396,-64.7592,-55.6559,
73.2975,64.9394,80.4366,-171.4119,-64.6561,-171.6355,-86.0488,68.0059,
72.9921,65.0044,80.7288,-171.4253,-64.9319,-171.6236,-65.9882,-165.7316,
73.7452,64.962,80.3767,-171.4314,-64.8236,-171.7349,149.4503,-61.6458,
73.2383,65.1655,80.6903,-171.4074,-64.9068,-171.7074,78.3117,64.6747,
73.3304,65.0361,81.0517,-171.4342,-64.961,-171.5966,81.0163,-171.1689,
73.0054,65.0599,81.1078,-171.4818,119.582,-60.8809,-64.6534,-55.4392,
73.3274,64.9575,80.5322,-171.5197,121.2088,-60.9158,-86.7457,68.0345,
73.0802,65.0283,81.127,-171.5095,119.2536,-60.8317,-65.9195,-165.5583,
73.6325,64.9726,80.4681,-171.5162,120.0277,-60.9172,149.6446,-61.7145,
73.1706,65.1991,80.9378,-171.5486,119.3173,-60.9813,78.462,64.7668,
73.2855,65.0706,81.2374,-171.5341,119.3091,-60.9895,80.9323,-171.1657,
73.2496,65.0276,81.1739,-171.3083,74.4719,65.2434,-64.6447,-55.3157,
73.5038,64.9677,80.693,-171.3985,72.8028,65.2307,-86.8105,67.509,
73.3084,64.9643,81.0996,-171.3338,73.8133,65.2375,-65.8839,-165.3624,
73.9434,64.9192,80.5476,-171.3576,74.2738,65.3131,149.4928,-61.6119,
73.3232,65.1331,81.0604,-171.3614,73.0103,65.0069,78.6458,64.6178,
73.3772,65.075,81.2818,-171.3597,73.3766,65.076,81.2938,-171.3632,
73.1213,65.0594,81.1192,-171.4359,110.3529,-171.4398,-64.7316,-55.5546,
73.212,64.9486,80.8189,-171.2789,83.2911,-171.5437,-87.0219,67.3664,
73.1681,65.0148,80.7896,-171.4013,88.2144,-171.7004,-65.9244,-165.4046,
73.5603,65.0354,80.447,-171.4766,111.6764,-171.5026,149.6741,-61.703,
73.1639,65.1232,80.9682,-171.5512,110.9874,-171.4841,78.4611,64.8555,
73.4206,65.041,81.147,-171.3676,86.3318,-171.7324,80.9096,-171.1731,
110.2796,-171.4648,-65.3311,-55.2413,-62.1901,-61.2078,-65.3238,-55.3585,
109.9396,-171.4896,-65.7598,-54.8296,-60.4729,-60.795,-87.0608,68.0667,
109.5665,-171.4556,-65.3383,-55.1057,-62.0221,-61.1574,-66.5433,-165.4576,
109.0704,-171.5058,-65.865,-55.2671,-62.2347,-61.2488,149.0469,-61.3825,
110.3783,-171.4463,-65.3126,-55.2343,-62.1946,-61.2342,78.1081,64.4905,
108.9609,-171.5128,-65.0415,-55.515,-62.3188,-61.1866,80.6196,-171.2549,
109.1638,-171.5191,-65.2513,-54.8706,-88.0907,65.0287,-65.1063,-55.274,
109.7818,-171.5191,-65.6514,-54.439,-86.3996,65.2464,-86.7827,67.9045,
110.2954,-171.464,-65.2738,-54.5822,-86.8819,65.192,-66.3337,-165.2509,
108.7765,-171.5134,-65.6896,-54.7616,-87.3246,65.2482,149.1192,-61.3812,
110.5303,-171.468,-65.2322,-54.9393,-88.3692,65.1145,78.2113,64.5485,
110.1434,-171.4411,-64.918,-54.872,-88.3247,65.1099,80.7471,-171.1723,
110.2788,-171.4589,-65.3866,-55.3578,-65.002,-171.6604,-65.268,-55.183,
110.0742,-171.4798,-65.769,-55.0123,-64.5846,-171.6266,-86.7148,68.005,
110.3656,-171.4268,-65.3786,-55.1751,-64.7322,-171.6334,-66.4804,-165.1912,
109.2185,-171.4707,-65.9744,-55.4462,-64.8518,-171.6556,149.0038,-61.3679,
109.6666,-171.4996,-65.3596,-55.2538,-64.7366,-171.6362,78.0581,64.4841,
109.6917,-171.479,-65.0814,-55.5822,-64.8186,-171.5756,80.622,-171.2514,
110.218,-171.4804,-65.3434,-55.2188,119.2841,-60.9124,-65.3286,-55.0823,
109.1724,-171.5022,-65.8512,-55.0447,120.9693,-60.9328,-87.643,67.9034,
109.1457,-171.515,-65.455,-55.3306,119.5679,-60.8502,-66.5985,-165.2787,
108.0763,-171.5031,-65.9002,-55.1716,119.8474,-60.8808,149.1531,-61.3846,
108.3765,-171.5412,-65.4579,-55.3721,119.0763,-60.9924,78.0653,64.4935,
85.7369,-171.5992,-65.2076,-55.3717,118.9834,-61.0502,80.6514,-171.1886,
110.5762,-171.4645,-64.9595,-55.3387,74.1612,65.1969,-65.3251,-54.9728,
109.9968,-171.4774,-65.31,-55.0781,73.4321,65.2723,-87.5933,67.4169,
109.9056,-171.507,-65.1352,-55.3656,74.2593,65.2165,-66.4364,-165.0132,
109.7915,-171.4786,-65.5653,-55.2286,73.9007,65.2997,149.0506,-61.3115,
109.0989,-171.4853,-65.0582,-55.5137,72.9771,65.0486,78.3457,64.3765,
110.4095,-171.4385,-64.7342,-55.5616,73.1122,65.0589,81.1173,-171.4366,
110.2951,-171.4652,-65.2925,-55.1969,110.2832,-171.4663,-65.2923,-55.1953,
109.2959,-171.4966,-65.8204,-55.0158,113.4601,-171.396,-87.7265,67.8538,
109.151,-171.495,-65.4044,-55.2868,110.0555,-171.4778,-66.5587,-165.3161,
108.0302,-171.5085,-65.8665,-55.1317,112.0519,-171.5477,149.2302,-61.3722,
108.5195,-171.5536,-65.4169,-55.3999,111.1285,-171.5644,78.0562,64.4972,
85.8383,-171.648,-64.9935,-55.2493,86.746,-171.7567,80.5494,-171.196,
113.2983,-171.4107,-87.6913,67.9014,-62.0945,-61.0105,-65.8795,-55.2095,
112.9106,-171.4415,-88.1295,67.8812,-60.62,-60.6716,-87.5192,68.0082,
113.1958,-171.3921,-87.701,67.8855,-62.162,-61.0866,-67.1306,-165.6118,
112.1247,-171.4195,-88.2382,67.8358,-62.0905,-61.0192,148.7447,-61.2927,
114.1009,-171.3211,-87.7321,67.8811,-62.2212,-61.0197,77.6904,64.3697,
113.6229,-171.408,-87.2512,67.9239,-62.382,-61.1046,80.2685,-171.1818,
112.933,-171.4268,-87.713,67.8745,-88.0943,64.8487,-65.6332,-54.9428,
112.8911,-171.4484,-88.1893,67.8043,-87.6403,64.9201,-87.3469,67.7815,
113.2727,-171.3939,-87.8691,67.7792,-88.1808,64.8823,-66.9122,-165.0795,
111.8275,-171.4804,-88.2317,67.7505,-88.3884,64.8597,148.8787,-61.3245,
112.8353,-171.406,-87.7475,67.8699,-88.9284,64.8452,77.8432,64.4851,
114.5619,-171.3231,-87.5351,67.8002,-88.1178,64.8634,80.201,-171.1853,
113.0878,-171.4104,-87.7452,67.8586,-64.8749,-171.5847,-65.8162,-55.0167,
112.78,-171.4393,-88.1499,67.8235,-64.5921,-171.5821,-87.239,67.9112,
113.1692,-171.4003,-87.7651,67.814,-64.826,-171.599,-67.0522,-165.2655,
112.2266,-171.3872,-88.3532,67.7779,-64.8863,-171.608,148.7313,-61.2888,
114.3062,-171.3358,-87.7208,67.867,-64.8537,-171.5643,77.6585,64.3892,
113.972,-171.3766,-87.1924,67.9806,-64.8736,-171.5886,80.2486,-171.1829,
113.2747,-171.3912,-87.7883,67.8313,118.6833,-60.9549,-65.8313,-54.9582,
112.2983,-171.4491,-88.1499,67.8387,120.2477,-60.969,-87.9715,67.9244,
112.5923,-171.4106,-87.6355,67.8938,118.9453,-60.8699,-66.9747,-165.1108,
112.4218,-171.3909,-88.3272,67.6963,119.1251,-60.9686,149.0647,-61.3515,
112.1204,-171.4793,-87.6991,67.7809,118.4091,-61.0818,77.772,64.43,
82.2327,-171.4818,-87.5479,67.275,118.3624,-61.1241,80.4128,-171.0965,
113.5357,-171.3734,-87.1139,67.991,74.2428,65.083,-65.7072,-54.8362,
112.9279,-171.3964,-87.5181,67.9207,73.5733,65.1701,-87.905,67.4508,
113.1579,-171.4207,-87.0928,67.9925,74.2845,65.1708,-66.7935,-164.7959,
112.8655,-171.4074,-87.7348,67.8568,74.2091,65.2534,148.7549,-61.2768,
112.6861,-171.4375,-87.1647,67.9265,73.0708,64.9501,77.949,64.3346,
113.6928,-171.4547,-86.8596,67.9496,73.3083,64.9735,80.566,-171.4902,
113.4601,-171.396,-87.7265,67.8538,109.2959,-171.4966,-65.8204,-55.0158,
112.5952,-171.4344,-88.1054,67.8513,112.595,-171.4345,-88.1068,67.8513,
112.8885,-171.4128,-87.662,67.858,109.0943,-171.5238,-66.992,-165.2431,
112.2907,-171.3791,-88.2626,67.7073,111.0307,-171.6122,149.1374,-61.3667,
112.2706,-171.4765,-87.5957,67.814,110.1091,-171.6562,77.7419,64.4102,
113.2252,-171.4306,-87.2999,67.93,110.2458,-171.6053,80.1938,-171.2566,
110.4266,-171.4608,-66.5709,-165.3393,-61.8733,-61.0006,-65.4747,-55.4668,
109.0219,-171.4952,-67.0793,-165.1448,-60.3386,-60.6194,-87.1482,68.0311,
109.8219,-171.5028,-66.5893,-165.2687,-61.9271,-61.0935,-66.7131,-165.7734,
109.1565,-171.4836,-67.2448,-165.607,-62.0855,-61.068,148.8644,-61.3426,
110.7038,-171.4337,-66.689,-165.5346,-62.0357,-61.0279,78.0416,64.523,
109.6746,-171.4969,-66.3163,-165.5152,-62.1817,-61.076,80.6462,-171.2458,
110.2125,-171.4781,-66.8393,-165.2965,-87.8466,64.7064,-65.3024,-55.1369,
109.7857,-171.4784,-67.271,-165.1584,-86.8305,64.8508,-86.9672,67.8053,
109.073,-171.4657,-66.8548,-165.3682,-87.4037,64.8054,-66.541,-165.3343,
108.704,-171.524,-67.3682,-165.476,-87.1794,64.8549,149.0031,-61.3479,
110.3152,-171.4731,-66.8422,-165.5888,-88.0749,64.7977,78.0317,64.5308,
109.8372,-171.4684,-66.4769,-165.6524,-88.6245,64.7,80.5903,-171.1635,
110.4582,-171.446,-66.5955,-165.4175,-64.7847,-171.6212,-65.4047,-55.2098,
109.6501,-171.4861,-67.0138,-165.2115,-64.4935,-171.6245,-86.7646,67.9505,
109.465,-171.5008,-66.6208,-165.2962,-64.7489,-171.6417,-66.6397,-165.5304,
109.5959,-171.4361,-67.2608,-165.5719,-64.8406,-171.6241,148.8636,-61.3372,
111.0062,-171.4328,-66.6741,-165.4976,-64.7847,-171.597,78.0361,64.5401,
109.3983,-171.4991,-66.3118,-165.5849,-64.8213,-171.5874,80.6209,-171.2415,
109.9221,-171.4948,-66.6078,-165.2693,119.3622,-60.8729,-65.431,-55.25,
108.8766,-171.5091,-67.0393,-165.2114,121.0469,-60.913,-87.5032,67.9681,
108.7978,-171.4729,-66.686,-165.4593,119.1173,-60.8874,-66.6749,-165.3809,
107.7452,-171.5274,-67.1233,-165.3858,119.7943,-60.9826,149.1662,-61.403,
108.7005,-171.5711,-66.6715,-165.6695,119.0245,-61.0854,77.9468,64.4228,
109.9455,-171.423,-66.2938,-165.4408,118.9109,-61.025,80.451,-171.2097,
110.6757,-171.4679,-66.2883,-165.412,74.2795,65.2108,-65.283,-55.0587,
109.6354,-171.5341,-66.7554,-165.4227,72.7565,65.2292,-87.645,67.3982,
109.6744,-171.5143,-66.3234,-165.4922,73.5543,65.1818,-66.5532,-165.0234,
108.7382,-171.5159,-66.8675,-165.6131,74.6377,65.3268,148.8042,-61.2989,
109.2858,-171.5181,-66.3596,-165.6352,73.2102,64.9943,78.1313,64.2879,
110.2178,-171.4233,-65.938,-165.6046,73.0502,64.9723,80.8244,-171.4102,
110.0556,-171.4778,-66.5587,-165.316,109.151,-171.495,-65.4044,-55.2868,
109.0943,-171.5238,-66.992,-165.2431,112.8885,-171.4128,-87.662,67.858,
109.0938,-171.4747,-66.6047,-165.4578,109.0938,-171.476,-66.6046,-165.4572,
107.889,-171.526,-67.0787,-165.4564,111.3532,-171.5624,149.274,-61.4209,
108.8471,-171.5671,-66.6372,-165.7405,110.2968,-171.5738,77.9228,64.4115,
110.2775,-171.4606,-66.2654,-165.4821,110.5586,-171.5908,80.3757,-171.2452,
111.7623,-171.5403,149.4671,-61.5216,-62.0204,-61.0561,-65.9133,-55.3689,
111.3698,-171.5904,149.2642,-61.4829,-60.3468,-60.5145,-87.5598,67.9644,
112.1335,-171.5359,149.2872,-61.5055,-61.9413,-60.978,-67.1756,-165.4928,
110.155,-171.5988,148.6644,-61.3632,-61.9697,-60.9813,148.2092,-61.1625,
111.4326,-171.5951,149.0123,-61.4126,-61.9937,-61.0068,77.4849,64.432,
112.9443,-171.4803,149.3261,-61.5375,-62.1056,-61.0085,80.1402,-171.2433,
110.9296,-171.5813,149.1058,-61.3734,-87.5932,64.7675,-65.7121,-55.2524,
110.9757,-171.5679,148.8194,-61.2861,-87.5875,64.6592,-87.4433,67.6537,
111.2425,-171.5826,148.883,-61.2921,-87.8538,64.7024,-67.0306,-165.5727,
110.3763,-171.5761,148.1687,-61.2471,-87.4596,64.8043,148.4003,-61.205,
111.3537,-171.5532,148.5615,-61.2786,-88.3797,64.7329,77.5447,64.4229,
112.0166,-171.563,148.8787,-61.3211,-88.3268,64.737,80.1466,-171.1711,
111.697,-171.5462,149.4375,-61.4706,-64.6873,-171.5518,-65.8239,-55.2681,
111.3738,-171.5799,149.2652,-61.4478,-64.4414,-171.5777,-87.2107,67.881,
112.1419,-171.5234,149.2998,-61.4768,-64.6256,-171.5859,-67.1174,-165.4008,
110.4276,-171.5679,148.6457,-61.308,-64.6502,-171.6065,148.2268,-61.1875,
112.0054,-171.5819,148.9975,-61.3904,-64.6701,-171.6329,77.5627,64.5098,
112.6099,-171.4888,149.3149,-61.5322,-64.6003,-171.5482,80.1141,-171.26,
111.9293,-171.5552,149.3124,-61.4698,120.3799,-60.7878,-65.9234,-55.0566,
111.2292,-171.6184,149.166,-61.4264,121.6585,-60.8607,-88.1689,67.7639,
111.3209,-171.5626,149.3621,-61.5119,120.539,-60.7601,-67.1323,-165.3581,
110.5801,-171.586,148.5834,-61.3579,120.8844,-60.839,148.3909,-61.257,
111.843,-171.5582,148.9705,-61.4421,120.1682,-60.9121,77.6448,64.6231,
111.0121,-171.5285,149.31,-61.5127,120.0722,-60.923,80.1763,-171.2921,
112.1609,-171.5477,149.6905,-61.6706,74.6162,65.2118,-65.8588,-55.0927,
111.4768,-171.5769,149.669,-61.6288,73.5763,65.3158,-88.1953,67.2927,
111.5861,-171.5251,149.8663,-61.7226,74.2137,65.2061,-66.9741,-165.032,
110.8689,-171.6098,149.002,-61.5162,74.5956,65.2968,148.1332,-61.194,
112.1894,-171.5398,149.4704,-61.6317,73.1991,64.9298,77.9395,64.5552,
111.6877,-171.503,149.684,-61.7038,73.5589,65.0323,80.446,-171.4798,
112.0239,-171.5475,149.2342,-61.3723,108.0568,-171.5072,-65.8692,-55.1336,
111.0262,-171.6167,149.1374,-61.3658,112.3093,-171.382,-88.2592,67.7088,
111.357,-171.5604,149.2698,-61.4202,107.9036,-171.5243,-67.0857,-165.4604,
111.356,-171.5433,148.4229,-61.2186,111.3559,-171.5433,148.4229,-61.2186,
110.983,-171.5872,148.9087,-61.3585,110.3067,-171.5587,77.5449,64.5442,
111.278,-171.5369,149.2068,-61.4089,109.314,-171.5679,80.0764,-171.2869,
110.9684,-171.5428,77.9793,64.6477,-61.9904,-61.0459,-65.4524,-55.6185,
110.5841,-171.6179,77.7107,64.5822,-60.3153,-60.5797,-87.1373,67.9816,
111.0257,-171.5615,77.9094,64.6524,-61.9358,-61.0529,-66.6678,-165.8542,
109.8052,-171.55,77.5872,64.6647,-62.0104,-61.0087,148.5883,-61.2757,
110.7591,-171.5186,77.9267,64.6909,-62.1232,-61.0614,77.9665,64.5201,
111.5694,-171.519,78.1834,64.7358,-62.1561,-61.0636,80.6263,-171.2947,
110.7774,-171.4892,77.7902,64.6276,-88.1283,64.7424,-65.2606,-55.3111,
110.4935,-171.5641,77.6776,64.594,-87.2945,64.7826,-86.8927,67.7215,
111.2744,-171.5134,77.8385,64.6144,-88.1242,64.6962,-66.4754,-165.4416,
109.7159,-171.5678,77.4432,64.6596,-88.4194,64.6488,148.8458,-61.3088,
110.1749,-171.5759,77.8841,64.6305,-87.8579,64.806,78.0018,64.5124,
83.7769,-171.6445,78.1788,64.6303,-88.0865,64.7869,80.6824,-171.1759,
110.8053,-171.543,77.9416,64.7049,-64.8948,-171.6461,-65.352,-55.3802,
110.4405,-171.6117,77.7834,64.6336,-64.6245,-171.6232,-86.6792,67.9324,
111.0938,-171.5565,77.9928,64.6781,-64.7124,-171.6324,-66.5779,-165.5302,
109.8531,-171.5741,77.5552,64.6037,-64.6912,-171.6112,148.6123,-61.291,
111.4805,-171.4997,77.9151,64.7058,-64.7525,-171.6567,78.0148,64.5599,
84.487,-171.643,78.1879,64.6819,-64.81,-171.6416,80.5887,-171.0764,
111.0492,-171.5571,77.986,64.723,121.1594,-60.7604,-65.4986,-55.3584,
110.2275,-171.6499,77.7352,64.6699,122.5438,-60.7835,-87.5202,67.8769,
110.0495,-171.5763,77.9576,64.7372,121.1887,-60.6967,-66.6548,-165.6031,
109.7274,-171.5462,77.6048,64.8505,121.3603,-60.8881,148.7837,-61.3171,
111.3766,-171.5204,77.9632,64.8727,120.7855,-60.9426,78.0241,64.6052,
110.3299,-171.5231,78.2782,64.8952,121.1538,-60.8431,80.6304,-171.3438,
111.015,-171.5405,78.1391,64.6771,73.8882,65.294,-65.3298,-55.0558,
110.6595,-171.6096,77.9813,64.618,73.1073,65.2972,-87.6509,67.3505,
110.756,-171.5145,78.2192,64.664,74.0412,65.3629,-66.4915,-165.3524,
110.0727,-171.5699,77.6041,64.6215,74.447,65.4514,148.6029,-61.2528,
112.0491,-171.4941,78.0415,64.6488,73.6016,65.1651,78.2101,64.4739,
110.9979,-171.4867,78.4607,64.8531,73.1624,65.1282,80.972,-171.5513,
111.1326,-171.5636,78.0509,64.4944,108.5106,-171.5547,-65.4163,-55.3991,
110.1102,-171.6556,77.7419,64.4102,112.2702,-171.4767,-87.5964,67.8138,
110.2968,-171.5738,77.9228,64.4116,108.8469,-171.5671,-66.6372,-165.7405,
110.3114,-171.5621,77.5365,64.5461,111.0326,-171.5844,148.9124,-61.3593,
111.2753,-171.528,77.9602,64.551,111.2757,-171.528,77.9602,64.551,
110.5343,-171.5168,78.2839,64.6011,110.3416,-171.6025,80.5818,-171.3256,
110.5076,-171.5371,80.5025,-171.2185,-62.1361,-61.1035,-65.0905,-55.8435,
110.4071,-171.589,79.8643,-171.1442,-60.444,-60.6026,-87.0445,67.9506,
110.9188,-171.5644,80.3723,-171.1172,-62.0474,-61.0433,-66.3144,-165.7241,
110.3842,-171.5674,79.9513,-171.219,-62.0365,-61.0556,148.8979,-61.3666,
111.5905,-171.5265,80.396,-171.2155,-62.2154,-61.0998,78.257,64.5398,
86.4148,-171.723,80.6956,-171.2484,-62.3034,-61.1135,80.922,-171.1962,
110.9796,-171.5877,80.5299,-171.3103,-88.5105,64.653,-64.9565,-55.595,
109.8398,-171.5749,79.8451,-171.2574,-88.1293,64.6193,-86.9367,67.6379,
86.6918,-171.7353,80.2333,-171.2737,-89.1093,64.6023,-65.973,-165.6302,
109.5349,-171.5761,79.9202,-171.2348,-88.0815,64.6993,148.9055,-61.3606,
110.8834,-171.4986,80.2529,-171.234,-88.4834,64.7423,78.2187,64.5316,
110.3532,-171.5689,80.6239,-171.2676,-88.9723,64.6559,81.0375,-171.256,
87.4771,-171.7811,80.5918,-171.2408,-64.8705,-171.6529,-64.9606,-55.5626,
110.0359,-171.5855,79.9508,-171.1896,-64.675,-171.6837,-86.6747,67.8943,
110.6472,-171.5602,80.3421,-171.1969,-64.9879,-171.6669,-66.2995,-165.7678,
110.4106,-171.5869,80.0106,-171.2265,-64.8269,-171.6449,149.0408,-61.3622,
111.2328,-171.5573,80.4197,-171.2088,-64.8779,-171.5732,78.2601,64.5426,
110.8173,-171.5221,80.6297,-171.2416,-65.0639,-171.6532,80.8198,-171.248,
110.089,-171.5773,80.7194,-171.2518,119.3114,-60.9198,-65.0676,-55.492,
110.2929,-171.5935,80.1858,-171.32,121.0718,-60.952,-87.213,67.993,
110.5529,-171.5874,80.3612,-171.2727,119.5791,-60.8505,-66.3265,-165.4296,
109.3406,-171.5726,80.0967,-171.3248,120.0904,-60.926,149.1197,-61.3999,
110.148,-171.585,80.6042,-171.3811,119.6521,-60.9974,78.2885,64.5966,
110.808,-171.4985,80.821,-171.3254,119.3153,-61.0327,80.9077,-171.2744,
110.767,-171.5311,80.7347,-171.1162,74.0196,65.2171,-65.0036,-55.3574,
110.5805,-171.5855,80.3742,-171.1158,73.1142,65.2649,-87.2887,67.4199,
110.9217,-171.5721,80.5093,-171.1316,73.9384,65.2076,-66.2924,-165.2613,
109.5432,-171.5925,80.2082,-171.1637,73.9893,65.2959,148.9502,-61.3066,
109.8799,-171.6018,80.705,-171.2037,72.8291,64.9906,78.4549,64.4254,
111.5269,-171.4867,80.9472,-171.1669,73.4935,65.0827,81.208,-171.4634,
86.7151,-171.7587,80.5499,-171.1993,85.8374,-171.647,-64.9948,-55.2492,
110.2435,-171.6025,80.1947,-171.2574,113.2101,-171.43,-87.2979,67.9331,
110.5887,-171.5879,80.3712,-171.2394,110.2555,-171.4628,-66.2623,-165.464,
109.2971,-171.5678,80.0811,-171.2861,111.2825,-171.5388,149.2068,-61.41,
110.3495,-171.5988,80.5819,-171.3272,110.4804,-171.5208,78.2831,64.5982,
111.0356,-171.5454,80.8807,-171.1628,84.7799,-171.6713,80.78,-171.2665,
